Center Image,Left Image,Right Image,Steering,Throttle,Brake,Speed
/IMG/center_2018_01_02_23_25_25_433.jpg,/IMG/left_2018_01_02_23_25_25_433.jpg,/IMG/right_2018_01_02_23_25_25_433.jpg,0,0,0,7.499007
/IMG/center_2018_01_02_23_25_25_900.jpg,/IMG/left_2018_01_02_23_25_25_900.jpg,/IMG/right_2018_01_02_23_25_25_900.jpg,-0.8500001,0,0,7.078048
/IMG/center_2018_01_02_23_25_26_381.jpg,/IMG/left_2018_01_02_23_25_26_381.jpg,/IMG/right_2018_01_02_23_25_26_381.jpg,0,0,0,6.754609
/IMG/center_2018_01_02_23_25_26_870.jpg,/IMG/left_2018_01_02_23_25_26_870.jpg,/IMG/right_2018_01_02_23_25_26_870.jpg,0,0,0,6.526712
/IMG/center_2018_01_02_23_25_27_344.jpg,/IMG/left_2018_01_02_23_25_27_344.jpg,/IMG/right_2018_01_02_23_25_27_344.jpg,0,0,0,6.306712
/IMG/center_2018_01_02_23_25_27_819.jpg,/IMG/left_2018_01_02_23_25_27_819.jpg,/IMG/right_2018_01_02_23_25_27_819.jpg,0,1,0,9.872375
/IMG/center_2018_01_02_23_25_28_302.jpg,/IMG/left_2018_01_02_23_25_28_302.jpg,/IMG/right_2018_01_02_23_25_28_302.jpg,0,0,0,9.618161
/IMG/center_2018_01_02_23_25_28_778.jpg,/IMG/left_2018_01_02_23_25_28_778.jpg,/IMG/right_2018_01_02_23_25_28_778.jpg,-0.8500001,0,0,9.074608
/IMG/center_2018_01_02_23_25_29_257.jpg,/IMG/left_2018_01_02_23_25_29_257.jpg,/IMG/right_2018_01_02_23_25_29_257.jpg,0,0,0,8.673239
/IMG/center_2018_01_02_23_25_29_743.jpg,/IMG/left_2018_01_02_23_25_29_743.jpg,/IMG/right_2018_01_02_23_25_29_743.jpg,0,0,0,8.380838
/IMG/center_2018_01_02_23_25_30_223.jpg,/IMG/left_2018_01_02_23_25_30_223.jpg,/IMG/right_2018_01_02_23_25_30_223.jpg,0,0,0,8.09824
/IMG/center_2018_01_02_23_25_30_702.jpg,/IMG/left_2018_01_02_23_25_30_702.jpg,/IMG/right_2018_01_02_23_25_30_702.jpg,0,0,0,7.841026
/IMG/center_2018_01_02_23_25_31_184.jpg,/IMG/left_2018_01_02_23_25_31_184.jpg,/IMG/right_2018_01_02_23_25_31_184.jpg,-0.8500001,0,0,7.400021
/IMG/center_2018_01_02_23_25_32_194.jpg,/IMG/left_2018_01_02_23_25_32_194.jpg,/IMG/right_2018_01_02_23_25_32_194.jpg,0,0,0,7.04917
/IMG/center_2018_01_02_23_25_32_692.jpg,/IMG/left_2018_01_02_23_25_32_692.jpg,/IMG/right_2018_01_02_23_25_32_692.jpg,-0.8000001,0,0,6.685291
/IMG/center_2018_01_02_23_25_33_180.jpg,/IMG/left_2018_01_02_23_25_33_180.jpg,/IMG/right_2018_01_02_23_25_33_180.jpg,0,0,0,6.377445
/IMG/center_2018_01_02_23_25_33_759.jpg,/IMG/left_2018_01_02_23_25_33_759.jpg,/IMG/right_2018_01_02_23_25_33_759.jpg,0,0,0,6.162459
/IMG/center_2018_01_02_23_25_34_258.jpg,/IMG/left_2018_01_02_23_25_34_258.jpg,/IMG/right_2018_01_02_23_25_34_258.jpg,0,0,0,5.966749
/IMG/center_2018_01_02_23_25_34_744.jpg,/IMG/left_2018_01_02_23_25_34_744.jpg,/IMG/right_2018_01_02_23_25_34_744.jpg,0,0,0,5.765615
/IMG/center_2018_01_02_23_25_35_247.jpg,/IMG/left_2018_01_02_23_25_35_247.jpg,/IMG/right_2018_01_02_23_25_35_247.jpg,-0.8500001,0,0,5.443716
/IMG/center_2018_01_02_23_25_35_750.jpg,/IMG/left_2018_01_02_23_25_35_750.jpg,/IMG/right_2018_01_02_23_25_35_750.jpg,0,0,0,5.187958
/IMG/center_2018_01_02_23_25_36_254.jpg,/IMG/left_2018_01_02_23_25_36_254.jpg,/IMG/right_2018_01_02_23_25_36_254.jpg,-0.8500001,0,0,4.898749
/IMG/center_2018_01_02_23_25_36_771.jpg,/IMG/left_2018_01_02_23_25_36_771.jpg,/IMG/right_2018_01_02_23_25_36_771.jpg,0,0,0,4.657057
/IMG/center_2018_01_02_23_25_37_272.jpg,/IMG/left_2018_01_02_23_25_37_272.jpg,/IMG/right_2018_01_02_23_25_37_272.jpg,0,1,0,8.28599
/IMG/center_2018_01_02_23_25_37_778.jpg,/IMG/left_2018_01_02_23_25_37_778.jpg,/IMG/right_2018_01_02_23_25_37_778.jpg,-0.8500001,0,0,7.886142
/IMG/center_2018_01_02_23_25_38_277.jpg,/IMG/left_2018_01_02_23_25_38_277.jpg,/IMG/right_2018_01_02_23_25_38_277.jpg,0,0,0,7.515304
/IMG/center_2018_01_02_23_25_38_794.jpg,/IMG/left_2018_01_02_23_25_38_794.jpg,/IMG/right_2018_01_02_23_25_38_794.jpg,0,0,0,7.276609
/IMG/center_2018_01_02_23_25_39_302.jpg,/IMG/left_2018_01_02_23_25_39_302.jpg,/IMG/right_2018_01_02_23_25_39_302.jpg,0,1,0,11.0261
/IMG/center_2018_01_02_23_25_39_800.jpg,/IMG/left_2018_01_02_23_25_39_800.jpg,/IMG/right_2018_01_02_23_25_39_800.jpg,0,0,0,10.74018
/IMG/center_2018_01_02_23_25_40_314.jpg,/IMG/left_2018_01_02_23_25_40_314.jpg,/IMG/right_2018_01_02_23_25_40_314.jpg,0,0,0,10.39901
/IMG/center_2018_01_02_23_25_40_820.jpg,/IMG/left_2018_01_02_23_25_40_820.jpg,/IMG/right_2018_01_02_23_25_40_820.jpg,0,0,0,10.04833
/IMG/center_2018_01_02_23_25_41_322.jpg,/IMG/left_2018_01_02_23_25_41_322.jpg,/IMG/right_2018_01_02_23_25_41_322.jpg,0,0,0,9.709532
/IMG/center_2018_01_02_23_25_41_886.jpg,/IMG/left_2018_01_02_23_25_41_886.jpg,/IMG/right_2018_01_02_23_25_41_886.jpg,-0.8000001,0,0,9.204253
/IMG/center_2018_01_02_23_25_42_564.jpg,/IMG/left_2018_01_02_23_25_42_564.jpg,/IMG/right_2018_01_02_23_25_42_564.jpg,0,0,0,8.795598
/IMG/center_2018_01_02_23_25_43_173.jpg,/IMG/left_2018_01_02_23_25_43_173.jpg,/IMG/right_2018_01_02_23_25_43_173.jpg,0,0,0,8.499063
/IMG/center_2018_01_02_23_25_43_783.jpg,/IMG/left_2018_01_02_23_25_43_783.jpg,/IMG/right_2018_01_02_23_25_43_783.jpg,0,0,0,8.229116
/IMG/center_2018_01_02_23_25_44_393.jpg,/IMG/left_2018_01_02_23_25_44_393.jpg,/IMG/right_2018_01_02_23_25_44_393.jpg,0,0,0,7.951689
/IMG/center_2018_01_02_23_25_44_926.jpg,/IMG/left_2018_01_02_23_25_44_926.jpg,/IMG/right_2018_01_02_23_25_44_926.jpg,0,0,0,7.683614
/IMG/center_2018_01_02_23_25_45_430.jpg,/IMG/left_2018_01_02_23_25_45_430.jpg,/IMG/right_2018_01_02_23_25_45_430.jpg,0,0,0,7.439572
/IMG/center_2018_01_02_23_25_45_943.jpg,/IMG/left_2018_01_02_23_25_45_943.jpg,/IMG/right_2018_01_02_23_25_45_943.jpg,-0.8500001,0,0,7.021991
/IMG/center_2018_01_02_23_25_46_448.jpg,/IMG/left_2018_01_02_23_25_46_448.jpg,/IMG/right_2018_01_02_23_25_46_448.jpg,0,0,0,6.687181
/IMG/center_2018_01_02_23_25_46_967.jpg,/IMG/left_2018_01_02_23_25_46_967.jpg,/IMG/right_2018_01_02_23_25_46_967.jpg,0,0,0,6.474789
/IMG/center_2018_01_02_23_25_47_478.jpg,/IMG/left_2018_01_02_23_25_47_478.jpg,/IMG/right_2018_01_02_23_25_47_478.jpg,0,0,0,6.256507
/IMG/center_2018_01_02_23_25_47_984.jpg,/IMG/left_2018_01_02_23_25_47_984.jpg,/IMG/right_2018_01_02_23_25_47_984.jpg,-0.8500001,0,0,5.906383
/IMG/center_2018_01_02_23_25_48_480.jpg,/IMG/left_2018_01_02_23_25_48_480.jpg,/IMG/right_2018_01_02_23_25_48_480.jpg,0,0,0,5.631009
/IMG/center_2018_01_02_23_25_49_029.jpg,/IMG/left_2018_01_02_23_25_49_029.jpg,/IMG/right_2018_01_02_23_25_49_029.jpg,0,0,0,5.441183
/IMG/center_2018_01_02_23_25_49_536.jpg,/IMG/left_2018_01_02_23_25_49_536.jpg,/IMG/right_2018_01_02_23_25_49_536.jpg,0,1,0,9.264198
/IMG/center_2018_01_02_23_25_50_067.jpg,/IMG/left_2018_01_02_23_25_50_067.jpg,/IMG/right_2018_01_02_23_25_50_067.jpg,0,0,0,9.044862
/IMG/center_2018_01_02_23_25_50_588.jpg,/IMG/left_2018_01_02_23_25_50_588.jpg,/IMG/right_2018_01_02_23_25_50_588.jpg,0,0,0,8.739912
/IMG/center_2018_01_02_23_25_51_089.jpg,/IMG/left_2018_01_02_23_25_51_089.jpg,/IMG/right_2018_01_02_23_25_51_089.jpg,0,0,0,8.445257
/IMG/center_2018_01_02_23_25_51_622.jpg,/IMG/left_2018_01_02_23_25_51_622.jpg,/IMG/right_2018_01_02_23_25_51_622.jpg,-0.8000001,0,0,8.007401
/IMG/center_2018_01_02_23_25_52_862.jpg,/IMG/left_2018_01_02_23_25_52_862.jpg,/IMG/right_2018_01_02_23_25_52_862.jpg,0,0,0,7.64573
/IMG/center_2018_01_02_23_25_53_547.jpg,/IMG/left_2018_01_02_23_25_53_547.jpg,/IMG/right_2018_01_02_23_25_53_547.jpg,0,0,0,7.387969
/IMG/center_2018_01_02_23_25_54_064.jpg,/IMG/left_2018_01_02_23_25_54_064.jpg,/IMG/right_2018_01_02_23_25_54_064.jpg,0,0,0,7.15331
/IMG/center_2018_01_02_23_25_54_569.jpg,/IMG/left_2018_01_02_23_25_54_569.jpg,/IMG/right_2018_01_02_23_25_54_569.jpg,0,1,0,10.90762
/IMG/center_2018_01_02_23_25_55_086.jpg,/IMG/left_2018_01_02_23_25_55_086.jpg,/IMG/right_2018_01_02_23_25_55_086.jpg,0,0,0,10.62496
/IMG/center_2018_01_02_23_25_55_591.jpg,/IMG/left_2018_01_02_23_25_55_591.jpg,/IMG/right_2018_01_02_23_25_55_591.jpg,-0.8000001,0,0,10.07111
/IMG/center_2018_01_02_23_25_56_110.jpg,/IMG/left_2018_01_02_23_25_56_110.jpg,/IMG/right_2018_01_02_23_25_56_110.jpg,0,0,0,9.629415
/IMG/center_2018_01_02_23_25_56_624.jpg,/IMG/left_2018_01_02_23_25_56_624.jpg,/IMG/right_2018_01_02_23_25_56_624.jpg,0,0,0,9.304736
/IMG/center_2018_01_02_23_25_57_144.jpg,/IMG/left_2018_01_02_23_25_57_144.jpg,/IMG/right_2018_01_02_23_25_57_144.jpg,0,0,0,9.009178
/IMG/center_2018_01_02_23_25_58_148.jpg,/IMG/left_2018_01_02_23_25_58_148.jpg,/IMG/right_2018_01_02_23_25_58_148.jpg,0,0,0,8.705438
/IMG/center_2018_01_02_23_25_58_672.jpg,/IMG/left_2018_01_02_23_25_58_672.jpg,/IMG/right_2018_01_02_23_25_58_672.jpg,-0.8500001,0,0,8.214808
/IMG/center_2018_01_02_23_25_59_222.jpg,/IMG/left_2018_01_02_23_25_59_222.jpg,/IMG/right_2018_01_02_23_25_59_222.jpg,0,0,0,7.846407
/IMG/center_2018_01_02_23_25_59_781.jpg,/IMG/left_2018_01_02_23_25_59_781.jpg,/IMG/right_2018_01_02_23_25_59_781.jpg,0,0,0,7.581682
/IMG/center_2018_01_02_23_26_00_356.jpg,/IMG/left_2018_01_02_23_26_00_356.jpg,/IMG/right_2018_01_02_23_26_00_356.jpg,0,0,0,7.326076
/IMG/center_2018_01_02_23_26_00_991.jpg,/IMG/left_2018_01_02_23_26_00_991.jpg,/IMG/right_2018_01_02_23_26_00_991.jpg,0,1,0,10.85292
/IMG/center_2018_01_02_23_26_01_604.jpg,/IMG/left_2018_01_02_23_26_01_604.jpg,/IMG/right_2018_01_02_23_26_01_604.jpg,0,0,0,10.57178
/IMG/center_2018_01_02_23_26_02_229.jpg,/IMG/left_2018_01_02_23_26_02_229.jpg,/IMG/right_2018_01_02_23_26_02_229.jpg,0,0,0,10.21533
/IMG/center_2018_01_02_23_26_02_854.jpg,/IMG/left_2018_01_02_23_26_02_854.jpg,/IMG/right_2018_01_02_23_26_02_854.jpg,-0.8000001,0,0,9.683407
/IMG/center_2018_01_02_23_26_03_482.jpg,/IMG/left_2018_01_02_23_26_03_482.jpg,/IMG/right_2018_01_02_23_26_03_482.jpg,0,0,0,9.256444
/IMG/center_2018_01_02_23_26_04_100.jpg,/IMG/left_2018_01_02_23_26_04_100.jpg,/IMG/right_2018_01_02_23_26_04_100.jpg,0,0,0,8.944345
/IMG/center_2018_01_02_23_26_04_715.jpg,/IMG/left_2018_01_02_23_26_04_715.jpg,/IMG/right_2018_01_02_23_26_04_715.jpg,0,1,0,12.45455
/IMG/center_2018_01_02_23_26_05_339.jpg,/IMG/left_2018_01_02_23_26_05_339.jpg,/IMG/right_2018_01_02_23_26_05_339.jpg,0,0,0,12.22327
/IMG/center_2018_01_02_23_26_06_145.jpg,/IMG/left_2018_01_02_23_26_06_145.jpg,/IMG/right_2018_01_02_23_26_06_145.jpg,0,0,0,11.49837
/IMG/center_2018_01_02_23_26_06_761.jpg,/IMG/left_2018_01_02_23_26_06_761.jpg,/IMG/right_2018_01_02_23_26_06_761.jpg,0,0,0,11.4646
/IMG/center_2018_01_02_23_26_07_387.jpg,/IMG/left_2018_01_02_23_26_07_387.jpg,/IMG/right_2018_01_02_23_26_07_387.jpg,-0.8500001,0,0,10.66327
/IMG/center_2018_01_02_23_26_07_824.jpg,/IMG/left_2018_01_02_23_26_07_824.jpg,/IMG/right_2018_01_02_23_26_07_824.jpg,0,0,0,10.18267
/IMG/center_2018_01_02_23_26_08_455.jpg,/IMG/left_2018_01_02_23_26_08_455.jpg,/IMG/right_2018_01_02_23_26_08_455.jpg,0,0,0,9.859196
/IMG/center_2018_01_02_23_26_09_091.jpg,/IMG/left_2018_01_02_23_26_09_091.jpg,/IMG/right_2018_01_02_23_26_09_091.jpg,0,0,0,9.526772
/IMG/center_2018_01_02_23_26_09_727.jpg,/IMG/left_2018_01_02_23_26_09_727.jpg,/IMG/right_2018_01_02_23_26_09_727.jpg,0,0,0,9.205446
/IMG/center_2018_01_02_23_26_10_359.jpg,/IMG/left_2018_01_02_23_26_10_359.jpg,/IMG/right_2018_01_02_23_26_10_359.jpg,0,0,0,8.913038
/IMG/center_2018_01_02_23_26_11_004.jpg,/IMG/left_2018_01_02_23_26_11_004.jpg,/IMG/right_2018_01_02_23_26_11_004.jpg,-0.8500001,0,0,8.410283
/IMG/center_2018_01_02_23_26_11_654.jpg,/IMG/left_2018_01_02_23_26_11_654.jpg,/IMG/right_2018_01_02_23_26_11_654.jpg,0,0,0,8.018055
/IMG/center_2018_01_02_23_26_12_307.jpg,/IMG/left_2018_01_02_23_26_12_307.jpg,/IMG/right_2018_01_02_23_26_12_307.jpg,0,0,0,7.763382
/IMG/center_2018_01_02_23_26_12_945.jpg,/IMG/left_2018_01_02_23_26_12_945.jpg,/IMG/right_2018_01_02_23_26_12_945.jpg,0,0,0,7.50165
/IMG/center_2018_01_02_23_26_13_596.jpg,/IMG/left_2018_01_02_23_26_13_596.jpg,/IMG/right_2018_01_02_23_26_13_596.jpg,0,0,0,7.248744
/IMG/center_2018_01_02_23_26_14_254.jpg,/IMG/left_2018_01_02_23_26_14_254.jpg,/IMG/right_2018_01_02_23_26_14_254.jpg,0,0,0,7.018511
/IMG/center_2018_01_02_23_26_14_912.jpg,/IMG/left_2018_01_02_23_26_14_912.jpg,/IMG/right_2018_01_02_23_26_14_912.jpg,0,1,0,10.77829
/IMG/center_2018_01_02_23_26_15_563.jpg,/IMG/left_2018_01_02_23_26_15_563.jpg,/IMG/right_2018_01_02_23_26_15_563.jpg,0,0,0,10.4992
/IMG/center_2018_01_02_23_26_16_212.jpg,/IMG/left_2018_01_02_23_26_16_212.jpg,/IMG/right_2018_01_02_23_26_16_212.jpg,0,0,0,10.16568
/IMG/center_2018_01_02_23_26_16_857.jpg,/IMG/left_2018_01_02_23_26_16_857.jpg,/IMG/right_2018_01_02_23_26_16_857.jpg,0,0,0,9.822922
/IMG/center_2018_01_02_23_26_17_500.jpg,/IMG/left_2018_01_02_23_26_17_500.jpg,/IMG/right_2018_01_02_23_26_17_500.jpg,0,0,0,9.491707
/IMG/center_2018_01_02_23_26_18_128.jpg,/IMG/left_2018_01_02_23_26_18_128.jpg,/IMG/right_2018_01_02_23_26_18_128.jpg,-0.8000001,0,0,8.99805
/IMG/center_2018_01_02_23_26_18_768.jpg,/IMG/left_2018_01_02_23_26_18_768.jpg,/IMG/right_2018_01_02_23_26_18_768.jpg,0,0,0,8.597389
/IMG/center_2018_01_02_23_26_19_406.jpg,/IMG/left_2018_01_02_23_26_19_406.jpg,/IMG/right_2018_01_02_23_26_19_406.jpg,0,0,0,8.307528
/IMG/center_2018_01_02_23_26_20_039.jpg,/IMG/left_2018_01_02_23_26_20_039.jpg,/IMG/right_2018_01_02_23_26_20_039.jpg,0,0,0,8.04366
/IMG/center_2018_01_02_23_26_20_670.jpg,/IMG/left_2018_01_02_23_26_20_670.jpg,/IMG/right_2018_01_02_23_26_20_670.jpg,0,1,0,11.59872
/IMG/center_2018_01_02_23_26_21_329.jpg,/IMG/left_2018_01_02_23_26_21_329.jpg,/IMG/right_2018_01_02_23_26_21_329.jpg,0,0,0,11.63925
/IMG/center_2018_01_02_23_26_22_138.jpg,/IMG/left_2018_01_02_23_26_22_138.jpg,/IMG/right_2018_01_02_23_26_22_138.jpg,0,0,0,11.09262
/IMG/center_2018_01_02_23_26_22_598.jpg,/IMG/left_2018_01_02_23_26_22_598.jpg,/IMG/right_2018_01_02_23_26_22_598.jpg,0,0,0,10.71861
/IMG/center_2018_01_02_23_26_23_243.jpg,/IMG/left_2018_01_02_23_26_23_243.jpg,/IMG/right_2018_01_02_23_26_23_243.jpg,-0.8500001,0,0,10.11141
/IMG/center_2018_01_02_23_26_23_894.jpg,/IMG/left_2018_01_02_23_26_23_894.jpg,/IMG/right_2018_01_02_23_26_23_894.jpg,0,0,0,9.671623
/IMG/center_2018_01_02_23_26_24_554.jpg,/IMG/left_2018_01_02_23_26_24_554.jpg,/IMG/right_2018_01_02_23_26_24_554.jpg,0,0,0,9.345441
/IMG/center_2018_01_02_23_26_25_197.jpg,/IMG/left_2018_01_02_23_26_25_197.jpg,/IMG/right_2018_01_02_23_26_25_197.jpg,0,0,0,9.030353
/IMG/center_2018_01_02_23_26_25_835.jpg,/IMG/left_2018_01_02_23_26_25_835.jpg,/IMG/right_2018_01_02_23_26_25_835.jpg,0,1,0,12.53637
/IMG/center_2018_01_02_23_26_26_678.jpg,/IMG/left_2018_01_02_23_26_26_678.jpg,/IMG/right_2018_01_02_23_26_26_678.jpg,0,0,0,12.37215
/IMG/center_2018_01_02_23_26_27_336.jpg,/IMG/left_2018_01_02_23_26_27_336.jpg,/IMG/right_2018_01_02_23_26_27_336.jpg,0,0,0,11.45525
/IMG/center_2018_01_02_23_26_27_985.jpg,/IMG/left_2018_01_02_23_26_27_985.jpg,/IMG/right_2018_01_02_23_26_27_985.jpg,0,0,0,11.55816
/IMG/center_2018_01_02_23_26_28_639.jpg,/IMG/left_2018_01_02_23_26_28_639.jpg,/IMG/right_2018_01_02_23_26_28_639.jpg,0,0,0,10.99283
/IMG/center_2018_01_02_23_26_29_105.jpg,/IMG/left_2018_01_02_23_26_29_105.jpg,/IMG/right_2018_01_02_23_26_29_105.jpg,0,0,0,10.62218
/IMG/center_2018_01_02_23_26_29_755.jpg,/IMG/left_2018_01_02_23_26_29_755.jpg,/IMG/right_2018_01_02_23_26_29_755.jpg,-0.8000001,0,0,10.06864
/IMG/center_2018_01_02_23_26_30_412.jpg,/IMG/left_2018_01_02_23_26_30_412.jpg,/IMG/right_2018_01_02_23_26_30_412.jpg,0,0,0,9.627052
/IMG/center_2018_01_02_23_26_31_056.jpg,/IMG/left_2018_01_02_23_26_31_056.jpg,/IMG/right_2018_01_02_23_26_31_056.jpg,0,0,0,9.302394
/IMG/center_2018_01_02_23_26_31_702.jpg,/IMG/left_2018_01_02_23_26_31_702.jpg,/IMG/right_2018_01_02_23_26_31_702.jpg,0,0,0,9.006906
/IMG/center_2018_01_02_23_26_32_526.jpg,/IMG/left_2018_01_02_23_26_32_526.jpg,/IMG/right_2018_01_02_23_26_32_526.jpg,0,1,0,12.66108
/IMG/center_2018_01_02_23_26_33_175.jpg,/IMG/left_2018_01_02_23_26_33_175.jpg,/IMG/right_2018_01_02_23_26_33_175.jpg,0,0,0,12.49791
/IMG/center_2018_01_02_23_26_33_826.jpg,/IMG/left_2018_01_02_23_26_33_826.jpg,/IMG/right_2018_01_02_23_26_33_826.jpg,0,0,0,12.05535
/IMG/center_2018_01_02_23_26_34_485.jpg,/IMG/left_2018_01_02_23_26_34_485.jpg,/IMG/right_2018_01_02_23_26_34_485.jpg,0,0,0,11.50273
/IMG/center_2018_01_02_23_26_35_150.jpg,/IMG/left_2018_01_02_23_26_35_150.jpg,/IMG/right_2018_01_02_23_26_35_150.jpg,0,0,0,11.16991
/IMG/center_2018_01_02_23_26_35_602.jpg,/IMG/left_2018_01_02_23_26_35_602.jpg,/IMG/right_2018_01_02_23_26_35_602.jpg,0,0,0,10.81558
/IMG/center_2018_01_02_23_26_36_299.jpg,/IMG/left_2018_01_02_23_26_36_299.jpg,/IMG/right_2018_01_02_23_26_36_299.jpg,0,0,0,10.45089
/IMG/center_2018_01_02_23_26_36_926.jpg,/IMG/left_2018_01_02_23_26_36_926.jpg,/IMG/right_2018_01_02_23_26_36_926.jpg,0,0,0,10.09851
/IMG/center_2018_01_02_23_26_37_735.jpg,/IMG/left_2018_01_02_23_26_37_735.jpg,/IMG/right_2018_01_02_23_26_37_735.jpg,0,1,0,13.50882
/IMG/center_2018_01_02_23_26_38_293.jpg,/IMG/left_2018_01_02_23_26_38_293.jpg,/IMG/right_2018_01_02_23_26_38_293.jpg,0,0,0,13.27038
/IMG/center_2018_01_02_23_26_38_845.jpg,/IMG/left_2018_01_02_23_26_38_845.jpg,/IMG/right_2018_01_02_23_26_38_845.jpg,0,0,0,12.53585
/IMG/center_2018_01_02_23_26_39_410.jpg,/IMG/left_2018_01_02_23_26_39_410.jpg,/IMG/right_2018_01_02_23_26_39_410.jpg,0,0,0,12.10074
/IMG/center_2018_01_02_23_26_39_978.jpg,/IMG/left_2018_01_02_23_26_39_978.jpg,/IMG/right_2018_01_02_23_26_39_978.jpg,0,0,0,11.92913
/IMG/center_2018_01_02_23_26_40_527.jpg,/IMG/left_2018_01_02_23_26_40_527.jpg,/IMG/right_2018_01_02_23_26_40_527.jpg,-0.8500001,0,0,11.22428
/IMG/center_2018_01_02_23_26_40_927.jpg,/IMG/left_2018_01_02_23_26_40_927.jpg,/IMG/right_2018_01_02_23_26_40_927.jpg,0,0,0,10.74511
/IMG/center_2018_01_02_23_26_41_496.jpg,/IMG/left_2018_01_02_23_26_41_496.jpg,/IMG/right_2018_01_02_23_26_41_496.jpg,0,0,0,10.38277
/IMG/center_2018_01_02_23_26_42_049.jpg,/IMG/left_2018_01_02_23_26_42_049.jpg,/IMG/right_2018_01_02_23_26_42_049.jpg,0,0,0,10.03268
/IMG/center_2018_01_02_23_26_42_772.jpg,/IMG/left_2018_01_02_23_26_42_772.jpg,/IMG/right_2018_01_02_23_26_42_772.jpg,0,1,0,13.44814
/IMG/center_2018_01_02_23_26_43_341.jpg,/IMG/left_2018_01_02_23_26_43_341.jpg,/IMG/right_2018_01_02_23_26_43_341.jpg,0,0,0,13.30089
/IMG/center_2018_01_02_23_26_43_884.jpg,/IMG/left_2018_01_02_23_26_43_884.jpg,/IMG/right_2018_01_02_23_26_43_884.jpg,0,0,0,12.34499
/IMG/center_2018_01_02_23_26_44_436.jpg,/IMG/left_2018_01_02_23_26_44_436.jpg,/IMG/right_2018_01_02_23_26_44_436.jpg,0,0,0,12.03102
/IMG/center_2018_01_02_23_26_44_995.jpg,/IMG/left_2018_01_02_23_26_44_995.jpg,/IMG/right_2018_01_02_23_26_44_995.jpg,0,0,0,11.86908
/IMG/center_2018_01_02_23_26_45_559.jpg,/IMG/left_2018_01_02_23_26_45_559.jpg,/IMG/right_2018_01_02_23_26_45_559.jpg,0,0,0,11.23672
/IMG/center_2018_01_02_23_26_46_109.jpg,/IMG/left_2018_01_02_23_26_46_109.jpg,/IMG/right_2018_01_02_23_26_46_109.jpg,0,0,0,11.07015
/IMG/center_2018_01_02_23_26_46_501.jpg,/IMG/left_2018_01_02_23_26_46_501.jpg,/IMG/right_2018_01_02_23_26_46_501.jpg,0,0,0,10.69688
/IMG/center_2018_01_02_23_26_47_074.jpg,/IMG/left_2018_01_02_23_26_47_074.jpg,/IMG/right_2018_01_02_23_26_47_074.jpg,-0.8500001,0,0,10.09112
/IMG/center_2018_01_02_23_26_47_628.jpg,/IMG/left_2018_01_02_23_26_47_628.jpg,/IMG/right_2018_01_02_23_26_47_628.jpg,0,0,0,9.652047
/IMG/center_2018_01_02_23_26_48_163.jpg,/IMG/left_2018_01_02_23_26_48_163.jpg,/IMG/right_2018_01_02_23_26_48_163.jpg,0,0,0,9.326593
/IMG/center_2018_01_02_23_26_48_708.jpg,/IMG/left_2018_01_02_23_26_48_708.jpg,/IMG/right_2018_01_02_23_26_48_708.jpg,0,0,0,9.012113
/IMG/center_2018_01_02_23_26_49_256.jpg,/IMG/left_2018_01_02_23_26_49_256.jpg,/IMG/right_2018_01_02_23_26_49_256.jpg,0,1,0,12.51906
/IMG/center_2018_01_02_23_26_49_953.jpg,/IMG/left_2018_01_02_23_26_49_953.jpg,/IMG/right_2018_01_02_23_26_49_953.jpg,0,0,0,12.35181
/IMG/center_2018_01_02_23_26_50_491.jpg,/IMG/left_2018_01_02_23_26_50_491.jpg,/IMG/right_2018_01_02_23_26_50_491.jpg,0,0,0,11.41866
/IMG/center_2018_01_02_23_26_51_032.jpg,/IMG/left_2018_01_02_23_26_51_032.jpg,/IMG/right_2018_01_02_23_26_51_032.jpg,0,0,0,11.57441
/IMG/center_2018_01_02_23_26_51_591.jpg,/IMG/left_2018_01_02_23_26_51_591.jpg,/IMG/right_2018_01_02_23_26_51_591.jpg,0,0,0,10.98001
/IMG/center_2018_01_02_23_26_51_989.jpg,/IMG/left_2018_01_02_23_26_51_989.jpg,/IMG/right_2018_01_02_23_26_51_989.jpg,0,0,0,10.60977
/IMG/center_2018_01_02_23_26_52_538.jpg,/IMG/left_2018_01_02_23_26_52_538.jpg,/IMG/right_2018_01_02_23_26_52_538.jpg,0.8000001,0,0,10.05667
/IMG/center_2018_01_02_23_26_53_081.jpg,/IMG/left_2018_01_02_23_26_53_081.jpg,/IMG/right_2018_01_02_23_26_53_081.jpg,0,0,0,9.615568
/IMG/center_2018_01_02_23_26_53_615.jpg,/IMG/left_2018_01_02_23_26_53_615.jpg,/IMG/right_2018_01_02_23_26_53_615.jpg,0,0,0,9.291345
/IMG/center_2018_01_02_23_26_54_153.jpg,/IMG/left_2018_01_02_23_26_54_153.jpg,/IMG/right_2018_01_02_23_26_54_153.jpg,0,0,0,8.996242
/IMG/center_2018_01_02_23_26_54_703.jpg,/IMG/left_2018_01_02_23_26_54_703.jpg,/IMG/right_2018_01_02_23_26_54_703.jpg,0,0,0,8.692921
/IMG/center_2018_01_02_23_26_55_267.jpg,/IMG/left_2018_01_02_23_26_55_267.jpg,/IMG/right_2018_01_02_23_26_55_267.jpg,0,1,0,12.42987
/IMG/center_2018_01_02_23_26_55_984.jpg,/IMG/left_2018_01_02_23_26_55_984.jpg,/IMG/right_2018_01_02_23_26_55_984.jpg,0,0,0,12.08845
/IMG/center_2018_01_02_23_26_56_552.jpg,/IMG/left_2018_01_02_23_26_56_552.jpg,/IMG/right_2018_01_02_23_26_56_552.jpg,0,0,0,11.73711
/IMG/center_2018_01_02_23_26_57_119.jpg,/IMG/left_2018_01_02_23_26_57_119.jpg,/IMG/right_2018_01_02_23_26_57_119.jpg,0,0,0,11.29551
/IMG/center_2018_01_02_23_26_57_681.jpg,/IMG/left_2018_01_02_23_26_57_681.jpg,/IMG/right_2018_01_02_23_26_57_681.jpg,-0.8000001,0,0,10.69261
/IMG/center_2018_01_02_23_26_58_076.jpg,/IMG/left_2018_01_02_23_26_58_076.jpg,/IMG/right_2018_01_02_23_26_58_076.jpg,0,0,0,10.22742
/IMG/center_2018_01_02_23_26_58_636.jpg,/IMG/left_2018_01_02_23_26_58_636.jpg,/IMG/right_2018_01_02_23_26_58_636.jpg,0,0,0,9.882557
/IMG/center_2018_01_02_23_26_59_207.jpg,/IMG/left_2018_01_02_23_26_59_207.jpg,/IMG/right_2018_01_02_23_26_59_207.jpg,0,0,0,9.568627
/IMG/center_2018_01_02_23_26_59_748.jpg,/IMG/left_2018_01_02_23_26_59_748.jpg,/IMG/right_2018_01_02_23_26_59_748.jpg,0,0,0,9.245996
/IMG/center_2018_01_02_23_27_00_484.jpg,/IMG/left_2018_01_02_23_27_00_484.jpg,/IMG/right_2018_01_02_23_27_00_484.jpg,0,1,0,12.91053
/IMG/center_2018_01_02_23_27_01_044.jpg,/IMG/left_2018_01_02_23_27_01_044.jpg,/IMG/right_2018_01_02_23_27_01_044.jpg,-0.8000001,0,0,12.00485
/IMG/center_2018_01_02_23_27_01_595.jpg,/IMG/left_2018_01_02_23_27_01_595.jpg,/IMG/right_2018_01_02_23_27_01_595.jpg,0,0,0,11.99182
/IMG/center_2018_01_02_23_27_02_147.jpg,/IMG/left_2018_01_02_23_27_02_147.jpg,/IMG/right_2018_01_02_23_27_02_147.jpg,0,0,0,11.66276
/IMG/center_2018_01_02_23_27_02_695.jpg,/IMG/left_2018_01_02_23_27_02_695.jpg,/IMG/right_2018_01_02_23_27_02_695.jpg,0,0,0,11.06484
/IMG/center_2018_01_02_23_27_03_245.jpg,/IMG/left_2018_01_02_23_27_03_245.jpg,/IMG/right_2018_01_02_23_27_03_245.jpg,0,1,0,14.62034
/IMG/center_2018_01_02_23_27_03_788.jpg,/IMG/left_2018_01_02_23_27_03_788.jpg,/IMG/right_2018_01_02_23_27_03_788.jpg,0,0,0,14.38332
/IMG/center_2018_01_02_23_27_04_347.jpg,/IMG/left_2018_01_02_23_27_04_347.jpg,/IMG/right_2018_01_02_23_27_04_347.jpg,0,0,0,13.93627
/IMG/center_2018_01_02_23_27_04_894.jpg,/IMG/left_2018_01_02_23_27_04_894.jpg,/IMG/right_2018_01_02_23_27_04_894.jpg,0,0,0,13.17322
/IMG/center_2018_01_02_23_27_05_450.jpg,/IMG/left_2018_01_02_23_27_05_450.jpg,/IMG/right_2018_01_02_23_27_05_450.jpg,0.8500001,0,0,12.65531
/IMG/center_2018_01_02_23_27_06_019.jpg,/IMG/left_2018_01_02_23_27_06_019.jpg,/IMG/right_2018_01_02_23_27_06_019.jpg,0,0,0,12.21014
/IMG/center_2018_01_02_23_27_06_587.jpg,/IMG/left_2018_01_02_23_27_06_587.jpg,/IMG/right_2018_01_02_23_27_06_587.jpg,0,0,0,11.53991
/IMG/center_2018_01_02_23_27_07_151.jpg,/IMG/left_2018_01_02_23_27_07_151.jpg,/IMG/right_2018_01_02_23_27_07_151.jpg,0,0,0,11.2859
/IMG/center_2018_01_02_23_27_07_549.jpg,/IMG/left_2018_01_02_23_27_07_549.jpg,/IMG/right_2018_01_02_23_27_07_549.jpg,0,0,0,10.92929
/IMG/center_2018_01_02_23_27_08_103.jpg,/IMG/left_2018_01_02_23_27_08_103.jpg,/IMG/right_2018_01_02_23_27_08_103.jpg,0,0,0,10.56076
/IMG/center_2018_01_02_23_27_08_664.jpg,/IMG/left_2018_01_02_23_27_08_664.jpg,/IMG/right_2018_01_02_23_27_08_664.jpg,-0.8500001,0,0,9.962437
/IMG/center_2018_01_02_23_27_09_231.jpg,/IMG/left_2018_01_02_23_27_09_231.jpg,/IMG/right_2018_01_02_23_27_09_231.jpg,0,0,0,9.528019
/IMG/center_2018_01_02_23_27_09_781.jpg,/IMG/left_2018_01_02_23_27_09_781.jpg,/IMG/right_2018_01_02_23_27_09_781.jpg,0,0,0,9.20674
/IMG/center_2018_01_02_23_27_10_328.jpg,/IMG/left_2018_01_02_23_27_10_328.jpg,/IMG/right_2018_01_02_23_27_10_328.jpg,0,0,0,8.896315
/IMG/center_2018_01_02_23_27_10_876.jpg,/IMG/left_2018_01_02_23_27_10_876.jpg,/IMG/right_2018_01_02_23_27_10_876.jpg,0,0,0,8.613729
/IMG/center_2018_01_02_23_27_11_424.jpg,/IMG/left_2018_01_02_23_27_11_424.jpg,/IMG/right_2018_01_02_23_27_11_424.jpg,-0.8500001,0,0,8.128439
/IMG/center_2018_01_02_23_27_11_983.jpg,/IMG/left_2018_01_02_23_27_11_983.jpg,/IMG/right_2018_01_02_23_27_11_983.jpg,0,0,0,7.747779
/IMG/center_2018_01_02_23_27_12_532.jpg,/IMG/left_2018_01_02_23_27_12_532.jpg,/IMG/right_2018_01_02_23_27_12_532.jpg,0,1,0,11.25861
/IMG/center_2018_01_02_23_27_13_249.jpg,/IMG/left_2018_01_02_23_27_13_249.jpg,/IMG/right_2018_01_02_23_27_13_249.jpg,0,0,0,10.96608
/IMG/center_2018_01_02_23_27_13_619.jpg,/IMG/left_2018_01_02_23_27_13_619.jpg,/IMG/right_2018_01_02_23_27_13_619.jpg,0,0,0,10.59632
/IMG/center_2018_01_02_23_27_14_167.jpg,/IMG/left_2018_01_02_23_27_14_167.jpg,/IMG/right_2018_01_02_23_27_14_167.jpg,0,0,0,10.25971
/IMG/center_2018_01_02_23_27_14_716.jpg,/IMG/left_2018_01_02_23_27_14_716.jpg,/IMG/right_2018_01_02_23_27_14_716.jpg,0,0,0,9.913769
/IMG/center_2018_01_02_23_27_15_250.jpg,/IMG/left_2018_01_02_23_27_15_250.jpg,/IMG/right_2018_01_02_23_27_15_250.jpg,0,0,0,9.579498
/IMG/center_2018_01_02_23_27_15_965.jpg,/IMG/left_2018_01_02_23_27_15_965.jpg,/IMG/right_2018_01_02_23_27_15_965.jpg,0,1,0,13.03983
/IMG/center_2018_01_02_23_27_16_508.jpg,/IMG/left_2018_01_02_23_27_16_508.jpg,/IMG/right_2018_01_02_23_27_16_508.jpg,0,0,0,12.56315
/IMG/center_2018_01_02_23_27_17_060.jpg,/IMG/left_2018_01_02_23_27_17_060.jpg,/IMG/right_2018_01_02_23_27_17_060.jpg,0,0,0,12.18205
/IMG/center_2018_01_02_23_27_17_603.jpg,/IMG/left_2018_01_02_23_27_17_603.jpg,/IMG/right_2018_01_02_23_27_17_603.jpg,0,0,0,11.83174
/IMG/center_2018_01_02_23_27_18_153.jpg,/IMG/left_2018_01_02_23_27_18_153.jpg,/IMG/right_2018_01_02_23_27_18_153.jpg,0,0,0,11.35957
/IMG/center_2018_01_02_23_27_18_709.jpg,/IMG/left_2018_01_02_23_27_18_709.jpg,/IMG/right_2018_01_02_23_27_18_709.jpg,0,0,0,11.0653
/IMG/center_2018_01_02_23_27_19_116.jpg,/IMG/left_2018_01_02_23_27_19_116.jpg,/IMG/right_2018_01_02_23_27_19_116.jpg,0,0,0,10.7138
/IMG/center_2018_01_02_23_27_19_668.jpg,/IMG/left_2018_01_02_23_27_19_668.jpg,/IMG/right_2018_01_02_23_27_19_668.jpg,0,0,0,10.35256
/IMG/center_2018_01_02_23_27_20_252.jpg,/IMG/left_2018_01_02_23_27_20_252.jpg,/IMG/right_2018_01_02_23_27_20_252.jpg,0,0,0,10.0035
/IMG/center_2018_01_02_23_27_20_813.jpg,/IMG/left_2018_01_02_23_27_20_813.jpg,/IMG/right_2018_01_02_23_27_20_813.jpg,0,0,0,9.685722
/IMG/center_2018_01_02_23_27_21_561.jpg,/IMG/left_2018_01_02_23_27_21_561.jpg,/IMG/right_2018_01_02_23_27_21_561.jpg,0,1,0,13.23016
/IMG/center_2018_01_02_23_27_22_126.jpg,/IMG/left_2018_01_02_23_27_22_126.jpg,/IMG/right_2018_01_02_23_27_22_126.jpg,0,0,0,13.18273
/IMG/center_2018_01_02_23_27_22_697.jpg,/IMG/left_2018_01_02_23_27_22_697.jpg,/IMG/right_2018_01_02_23_27_22_697.jpg,0,0,0,12.75302
/IMG/center_2018_01_02_23_27_23_267.jpg,/IMG/left_2018_01_02_23_27_23_267.jpg,/IMG/right_2018_01_02_23_27_23_267.jpg,0,0,0,11.76208
/IMG/center_2018_01_02_23_27_23_843.jpg,/IMG/left_2018_01_02_23_27_23_843.jpg,/IMG/right_2018_01_02_23_27_23_843.jpg,0,0,0,11.89093
/IMG/center_2018_01_02_23_27_24_424.jpg,/IMG/left_2018_01_02_23_27_24_424.jpg,/IMG/right_2018_01_02_23_27_24_424.jpg,0,0,0,11.35583
/IMG/center_2018_01_02_23_27_25_000.jpg,/IMG/left_2018_01_02_23_27_25_000.jpg,/IMG/right_2018_01_02_23_27_25_000.jpg,0,1,0,14.9794
/IMG/center_2018_01_02_23_27_25_582.jpg,/IMG/left_2018_01_02_23_27_25_582.jpg,/IMG/right_2018_01_02_23_27_25_582.jpg,0,0,0,14.62136
/IMG/center_2018_01_02_23_27_26_158.jpg,/IMG/left_2018_01_02_23_27_26_158.jpg,/IMG/right_2018_01_02_23_27_26_158.jpg,-0.8000001,0,0,13.8723
/IMG/center_2018_01_02_23_27_26_725.jpg,/IMG/left_2018_01_02_23_27_26_725.jpg,/IMG/right_2018_01_02_23_27_26_725.jpg,0,0,0,13.10292
/IMG/center_2018_01_02_23_27_27_321.jpg,/IMG/left_2018_01_02_23_27_27_321.jpg,/IMG/right_2018_01_02_23_27_27_321.jpg,0,0,0,12.80747
/IMG/center_2018_01_02_23_27_27_867.jpg,/IMG/left_2018_01_02_23_27_27_867.jpg,/IMG/right_2018_01_02_23_27_27_867.jpg,0,0,0,12.39735
/IMG/center_2018_01_02_23_27_28_422.jpg,/IMG/left_2018_01_02_23_27_28_422.jpg,/IMG/right_2018_01_02_23_27_28_422.jpg,0,0,0,11.74523
/IMG/center_2018_01_02_23_27_28_973.jpg,/IMG/left_2018_01_02_23_27_28_973.jpg,/IMG/right_2018_01_02_23_27_28_973.jpg,0,0,0,11.58976
/IMG/center_2018_01_02_23_27_29_529.jpg,/IMG/left_2018_01_02_23_27_29_529.jpg,/IMG/right_2018_01_02_23_27_29_529.jpg,0,0,0,11.16631
/IMG/center_2018_01_02_23_27_29_920.jpg,/IMG/left_2018_01_02_23_27_29_920.jpg,/IMG/right_2018_01_02_23_27_29_920.jpg,0.8500001,0,0,10.54054
/IMG/center_2018_01_02_23_27_30_472.jpg,/IMG/left_2018_01_02_23_27_30_472.jpg,/IMG/right_2018_01_02_23_27_30_472.jpg,0,0,0,10.06346
/IMG/center_2018_01_02_23_27_31_045.jpg,/IMG/left_2018_01_02_23_27_31_045.jpg,/IMG/right_2018_01_02_23_27_31_045.jpg,0,0,0,9.744086
/IMG/center_2018_01_02_23_27_31_619.jpg,/IMG/left_2018_01_02_23_27_31_619.jpg,/IMG/right_2018_01_02_23_27_31_619.jpg,0,0,0,9.415609
/IMG/center_2018_01_02_23_27_32_213.jpg,/IMG/left_2018_01_02_23_27_32_213.jpg,/IMG/right_2018_01_02_23_27_32_213.jpg,0,0,0,9.098135
/IMG/center_2018_01_02_23_27_32_789.jpg,/IMG/left_2018_01_02_23_27_32_789.jpg,/IMG/right_2018_01_02_23_27_32_789.jpg,0,0,0,8.809171
/IMG/center_2018_01_02_23_27_33_392.jpg,/IMG/left_2018_01_02_23_27_33_392.jpg,/IMG/right_2018_01_02_23_27_33_392.jpg,0,0,0,8.51216
/IMG/center_2018_01_02_23_27_33_985.jpg,/IMG/left_2018_01_02_23_27_33_985.jpg,/IMG/right_2018_01_02_23_27_33_985.jpg,0,1,0,11.96613
/IMG/center_2018_01_02_23_27_34_757.jpg,/IMG/left_2018_01_02_23_27_34_757.jpg,/IMG/right_2018_01_02_23_27_34_757.jpg,-0.8000001,0,0,11.43107
/IMG/center_2018_01_02_23_27_35_358.jpg,/IMG/left_2018_01_02_23_27_35_358.jpg,/IMG/right_2018_01_02_23_27_35_358.jpg,0,0,0,11.14926
/IMG/center_2018_01_02_23_27_35_787.jpg,/IMG/left_2018_01_02_23_27_35_787.jpg,/IMG/right_2018_01_02_23_27_35_787.jpg,0,0,0,10.79798
/IMG/center_2018_01_02_23_27_36_387.jpg,/IMG/left_2018_01_02_23_27_36_387.jpg,/IMG/right_2018_01_02_23_27_36_387.jpg,0,0,0,10.45495
/IMG/center_2018_01_02_23_27_37_008.jpg,/IMG/left_2018_01_02_23_27_37_008.jpg,/IMG/right_2018_01_02_23_27_37_008.jpg,0,0,0,10.10242
/IMG/center_2018_01_02_23_27_37_577.jpg,/IMG/left_2018_01_02_23_27_37_577.jpg,/IMG/right_2018_01_02_23_27_37_577.jpg,0,0,0,9.761786
/IMG/center_2018_01_02_23_27_38_340.jpg,/IMG/left_2018_01_02_23_27_38_340.jpg,/IMG/right_2018_01_02_23_27_38_340.jpg,0,1,0,13.11206
/IMG/center_2018_01_02_23_27_38_918.jpg,/IMG/left_2018_01_02_23_27_38_918.jpg,/IMG/right_2018_01_02_23_27_38_918.jpg,0,0,0,13.04309
/IMG/center_2018_01_02_23_27_39_501.jpg,/IMG/left_2018_01_02_23_27_39_501.jpg,/IMG/right_2018_01_02_23_27_39_501.jpg,0,0,0,12.06489
/IMG/center_2018_01_02_23_27_40_082.jpg,/IMG/left_2018_01_02_23_27_40_082.jpg,/IMG/right_2018_01_02_23_27_40_082.jpg,0,0,0,11.67108
/IMG/center_2018_01_02_23_27_40_668.jpg,/IMG/left_2018_01_02_23_27_40_668.jpg,/IMG/right_2018_01_02_23_27_40_668.jpg,0,0,0,11.79654
/IMG/center_2018_01_02_23_27_41_246.jpg,/IMG/left_2018_01_02_23_27_41_246.jpg,/IMG/right_2018_01_02_23_27_41_246.jpg,0,0,0,11.20847
/IMG/center_2018_01_02_23_27_41_660.jpg,/IMG/left_2018_01_02_23_27_41_660.jpg,/IMG/right_2018_01_02_23_27_41_660.jpg,0,0,0,10.85629
/IMG/center_2018_01_02_23_27_42_263.jpg,/IMG/left_2018_01_02_23_27_42_263.jpg,/IMG/right_2018_01_02_23_27_42_263.jpg,0,0,0,10.49022
/IMG/center_2018_01_02_23_27_43_008.jpg,/IMG/left_2018_01_02_23_27_43_008.jpg,/IMG/right_2018_01_02_23_27_43_008.jpg,0,1,0,14.0175
/IMG/center_2018_01_02_23_27_43_565.jpg,/IMG/left_2018_01_02_23_27_43_565.jpg,/IMG/right_2018_01_02_23_27_43_565.jpg,0,0,0,13.51949
/IMG/center_2018_01_02_23_27_44_130.jpg,/IMG/left_2018_01_02_23_27_44_130.jpg,/IMG/right_2018_01_02_23_27_44_130.jpg,0,0,0,13.52615
/IMG/center_2018_01_02_23_27_44_691.jpg,/IMG/left_2018_01_02_23_27_44_691.jpg,/IMG/right_2018_01_02_23_27_44_691.jpg,0,0,0,12.51357
/IMG/center_2018_01_02_23_27_45_263.jpg,/IMG/left_2018_01_02_23_27_45_263.jpg,/IMG/right_2018_01_02_23_27_45_263.jpg,0,0,0,12.06229
/IMG/center_2018_01_02_23_27_45_835.jpg,/IMG/left_2018_01_02_23_27_45_835.jpg,/IMG/right_2018_01_02_23_27_45_835.jpg,0,0,0,12.18307
/IMG/center_2018_01_02_23_27_46_420.jpg,/IMG/left_2018_01_02_23_27_46_420.jpg,/IMG/right_2018_01_02_23_27_46_420.jpg,0,0,0,11.22831
/IMG/center_2018_01_02_23_27_47_045.jpg,/IMG/left_2018_01_02_23_27_47_045.jpg,/IMG/right_2018_01_02_23_27_47_045.jpg,0,0,0,11.2455
/IMG/center_2018_01_02_23_27_47_454.jpg,/IMG/left_2018_01_02_23_27_47_454.jpg,/IMG/right_2018_01_02_23_27_47_454.jpg,-0.8500001,0,0,10.60097
/IMG/center_2018_01_02_23_27_48_037.jpg,/IMG/left_2018_01_02_23_27_48_037.jpg,/IMG/right_2018_01_02_23_27_48_037.jpg,0,0,0,10.1228
/IMG/center_2018_01_02_23_27_48_596.jpg,/IMG/left_2018_01_02_23_27_48_596.jpg,/IMG/right_2018_01_02_23_27_48_596.jpg,0,0,0,9.80122
/IMG/center_2018_01_02_23_27_49_174.jpg,/IMG/left_2018_01_02_23_27_49_174.jpg,/IMG/right_2018_01_02_23_27_49_174.jpg,0,0,0,9.470743
/IMG/center_2018_01_02_23_27_49_907.jpg,/IMG/left_2018_01_02_23_27_49_907.jpg,/IMG/right_2018_01_02_23_27_49_907.jpg,0,1,0,13.15712
/IMG/center_2018_01_02_23_27_50_481.jpg,/IMG/left_2018_01_02_23_27_50_481.jpg,/IMG/right_2018_01_02_23_27_50_481.jpg,0,0,0,12.78141
/IMG/center_2018_01_02_23_27_51_056.jpg,/IMG/left_2018_01_02_23_27_51_056.jpg,/IMG/right_2018_01_02_23_27_51_056.jpg,0,0,0,12.26324
/IMG/center_2018_01_02_23_27_51_652.jpg,/IMG/left_2018_01_02_23_27_51_652.jpg,/IMG/right_2018_01_02_23_27_51_652.jpg,0,0,0,11.90994
/IMG/center_2018_01_02_23_27_52_226.jpg,/IMG/left_2018_01_02_23_27_52_226.jpg,/IMG/right_2018_01_02_23_27_52_226.jpg,0,0,0,11.55654
/IMG/center_2018_01_02_23_27_52_802.jpg,/IMG/left_2018_01_02_23_27_52_802.jpg,/IMG/right_2018_01_02_23_27_52_802.jpg,0,0,0,11.19951
/IMG/center_2018_01_02_23_27_53_221.jpg,/IMG/left_2018_01_02_23_27_53_221.jpg,/IMG/right_2018_01_02_23_27_53_221.jpg,0,0,0,10.80512
/IMG/center_2018_01_02_23_27_53_955.jpg,/IMG/left_2018_01_02_23_27_53_955.jpg,/IMG/right_2018_01_02_23_27_53_955.jpg,0,1,0,14.18631
/IMG/center_2018_01_02_23_27_54_534.jpg,/IMG/left_2018_01_02_23_27_54_534.jpg,/IMG/right_2018_01_02_23_27_54_534.jpg,0,0,0,14.0504
/IMG/center_2018_01_02_23_27_55_109.jpg,/IMG/left_2018_01_02_23_27_55_109.jpg,/IMG/right_2018_01_02_23_27_55_109.jpg,0,0,0,13.15105
/IMG/center_2018_01_02_23_27_55_687.jpg,/IMG/left_2018_01_02_23_27_55_687.jpg,/IMG/right_2018_01_02_23_27_55_687.jpg,0,0,0,12.57591
/IMG/center_2018_01_02_23_27_56_265.jpg,/IMG/left_2018_01_02_23_27_56_265.jpg,/IMG/right_2018_01_02_23_27_56_265.jpg,0,0,0,12.62408
/IMG/center_2018_01_02_23_27_56_846.jpg,/IMG/left_2018_01_02_23_27_56_846.jpg,/IMG/right_2018_01_02_23_27_56_846.jpg,0,0,0,11.89881
/IMG/center_2018_01_02_23_27_57_457.jpg,/IMG/left_2018_01_02_23_27_57_457.jpg,/IMG/right_2018_01_02_23_27_57_457.jpg,0,0,0,11.37426
/IMG/center_2018_01_02_23_27_58_041.jpg,/IMG/left_2018_01_02_23_27_58_041.jpg,/IMG/right_2018_01_02_23_27_58_041.jpg,-0.8500001,0,0,11.02222
/IMG/center_2018_01_02_23_27_58_445.jpg,/IMG/left_2018_01_02_23_27_58_445.jpg,/IMG/right_2018_01_02_23_27_58_445.jpg,0,0,0,10.52658
/IMG/center_2018_01_02_23_27_59_034.jpg,/IMG/left_2018_01_02_23_27_59_034.jpg,/IMG/right_2018_01_02_23_27_59_034.jpg,0,0,0,10.19217
/IMG/center_2018_01_02_23_27_59_608.jpg,/IMG/left_2018_01_02_23_27_59_608.jpg,/IMG/right_2018_01_02_23_27_59_608.jpg,0,0,0,9.848499
/IMG/center_2018_01_02_23_28_00_187.jpg,/IMG/left_2018_01_02_23_28_00_187.jpg,/IMG/right_2018_01_02_23_28_00_187.jpg,0,0,0,9.516421
/IMG/center_2018_01_02_23_28_00_931.jpg,/IMG/left_2018_01_02_23_28_00_931.jpg,/IMG/right_2018_01_02_23_28_00_931.jpg,0,1,0,12.97325
/IMG/center_2018_01_02_23_28_01_497.jpg,/IMG/left_2018_01_02_23_28_01_497.jpg,/IMG/right_2018_01_02_23_28_01_497.jpg,0,0,0,12.57661
/IMG/center_2018_01_02_23_28_02_057.jpg,/IMG/left_2018_01_02_23_28_02_057.jpg,/IMG/right_2018_01_02_23_28_02_057.jpg,0,0,0,12.12697
/IMG/center_2018_01_02_23_28_02_620.jpg,/IMG/left_2018_01_02_23_28_02_620.jpg,/IMG/right_2018_01_02_23_28_02_620.jpg,0,0,0,11.78415
/IMG/center_2018_01_02_23_28_03_191.jpg,/IMG/left_2018_01_02_23_28_03_191.jpg,/IMG/right_2018_01_02_23_28_03_191.jpg,0,0,0,11.30974
/IMG/center_2018_01_02_23_28_03_756.jpg,/IMG/left_2018_01_02_23_28_03_756.jpg,/IMG/right_2018_01_02_23_28_03_756.jpg,0,1,0,15.01405
/IMG/center_2018_01_02_23_28_04_322.jpg,/IMG/left_2018_01_02_23_28_04_322.jpg,/IMG/right_2018_01_02_23_28_04_322.jpg,0,0,0,14.49161
/IMG/center_2018_01_02_23_28_04_886.jpg,/IMG/left_2018_01_02_23_28_04_886.jpg,/IMG/right_2018_01_02_23_28_04_886.jpg,0,0,0,14.24675
/IMG/center_2018_01_02_23_28_05_457.jpg,/IMG/left_2018_01_02_23_28_05_457.jpg,/IMG/right_2018_01_02_23_28_05_457.jpg,0,0,0,13.50345
/IMG/center_2018_01_02_23_28_06_019.jpg,/IMG/left_2018_01_02_23_28_06_019.jpg,/IMG/right_2018_01_02_23_28_06_019.jpg,0,0,0,13.02194
/IMG/center_2018_01_02_23_28_06_595.jpg,/IMG/left_2018_01_02_23_28_06_595.jpg,/IMG/right_2018_01_02_23_28_06_595.jpg,0,0,0,12.79845
/IMG/center_2018_01_02_23_28_07_161.jpg,/IMG/left_2018_01_02_23_28_07_161.jpg,/IMG/right_2018_01_02_23_28_07_161.jpg,0,0,0,12.12038
/IMG/center_2018_01_02_23_28_07_726.jpg,/IMG/left_2018_01_02_23_28_07_726.jpg,/IMG/right_2018_01_02_23_28_07_726.jpg,0,0,0,11.73363
/IMG/center_2018_01_02_23_28_08_302.jpg,/IMG/left_2018_01_02_23_28_08_302.jpg,/IMG/right_2018_01_02_23_28_08_302.jpg,0,0,0,11.5663
/IMG/center_2018_01_02_23_28_08_880.jpg,/IMG/left_2018_01_02_23_28_08_880.jpg,/IMG/right_2018_01_02_23_28_08_880.jpg,-0.8500001,0,0,10.88114
/IMG/center_2018_01_02_23_28_09_283.jpg,/IMG/left_2018_01_02_23_28_09_283.jpg,/IMG/right_2018_01_02_23_28_09_283.jpg,0,0,0,10.41258
/IMG/center_2018_01_02_23_28_09_827.jpg,/IMG/left_2018_01_02_23_28_09_827.jpg,/IMG/right_2018_01_02_23_28_09_827.jpg,0,0,0,10.06144
/IMG/center_2018_01_02_23_28_10_372.jpg,/IMG/left_2018_01_02_23_28_10_372.jpg,/IMG/right_2018_01_02_23_28_10_372.jpg,0,0,0,9.722185
/IMG/center_2018_01_02_23_28_10_922.jpg,/IMG/left_2018_01_02_23_28_10_922.jpg,/IMG/right_2018_01_02_23_28_10_922.jpg,0,0,0,9.413451
/IMG/center_2018_01_02_23_28_11_460.jpg,/IMG/left_2018_01_02_23_28_11_460.jpg,/IMG/right_2018_01_02_23_28_11_460.jpg,0,0,0,9.096043
/IMG/center_2018_01_02_23_28_12_018.jpg,/IMG/left_2018_01_02_23_28_12_018.jpg,/IMG/right_2018_01_02_23_28_12_018.jpg,0,0,0,8.789431
/IMG/center_2018_01_02_23_28_12_576.jpg,/IMG/left_2018_01_02_23_28_12_576.jpg,/IMG/right_2018_01_02_23_28_12_576.jpg,0,0,0,8.51023
/IMG/center_2018_01_02_23_28_13_124.jpg,/IMG/left_2018_01_02_23_28_13_124.jpg,/IMG/right_2018_01_02_23_28_13_124.jpg,-0.8500001,1,0,12.04575
/IMG/center_2018_01_02_23_28_13_834.jpg,/IMG/left_2018_01_02_23_28_13_834.jpg,/IMG/right_2018_01_02_23_28_13_834.jpg,0,0,0,11.46179
/IMG/center_2018_01_02_23_28_14_377.jpg,/IMG/left_2018_01_02_23_28_14_377.jpg,/IMG/right_2018_01_02_23_28_14_377.jpg,0,0,0,11.13718
/IMG/center_2018_01_02_23_28_14_743.jpg,/IMG/left_2018_01_02_23_28_14_743.jpg,/IMG/right_2018_01_02_23_28_14_743.jpg,0,0,0,10.76158
/IMG/center_2018_01_02_23_28_15_300.jpg,/IMG/left_2018_01_02_23_28_15_300.jpg,/IMG/right_2018_01_02_23_28_15_300.jpg,0,0,0,10.39871
/IMG/center_2018_01_02_23_28_15_856.jpg,/IMG/left_2018_01_02_23_28_15_856.jpg,/IMG/right_2018_01_02_23_28_15_856.jpg,0,0,0,10.06838
/IMG/center_2018_01_02_23_28_16_379.jpg,/IMG/left_2018_01_02_23_28_16_379.jpg,/IMG/right_2018_01_02_23_28_16_379.jpg,0,0,0,9.728955
/IMG/center_2018_01_02_23_28_16_914.jpg,/IMG/left_2018_01_02_23_28_16_914.jpg,/IMG/right_2018_01_02_23_28_16_914.jpg,0,0,0,9.400939
/IMG/center_2018_01_02_23_28_17_441.jpg,/IMG/left_2018_01_02_23_28_17_441.jpg,/IMG/right_2018_01_02_23_28_17_441.jpg,0,0,0,9.102328
/IMG/center_2018_01_02_23_28_18_062.jpg,/IMG/left_2018_01_02_23_28_18_062.jpg,/IMG/right_2018_01_02_23_28_18_062.jpg,0,0,0,8.795418
/IMG/center_2018_01_02_23_28_18_698.jpg,/IMG/left_2018_01_02_23_28_18_698.jpg,/IMG/right_2018_01_02_23_28_18_698.jpg,0,0,0,8.498863
/IMG/center_2018_01_02_23_28_19_390.jpg,/IMG/left_2018_01_02_23_28_19_390.jpg,/IMG/right_2018_01_02_23_28_19_390.jpg,0,0,0,8.228895
/IMG/center_2018_01_02_23_28_20_043.jpg,/IMG/left_2018_01_02_23_28_20_043.jpg,/IMG/right_2018_01_02_23_28_20_043.jpg,0,0,0,7.951443
/IMG/center_2018_01_02_23_28_20_659.jpg,/IMG/left_2018_01_02_23_28_20_659.jpg,/IMG/right_2018_01_02_23_28_20_659.jpg,0,0,0,7.683348
/IMG/center_2018_01_02_23_28_21_312.jpg,/IMG/left_2018_01_02_23_28_21_312.jpg,/IMG/right_2018_01_02_23_28_21_312.jpg,0,0,0,7.439291
/IMG/center_2018_01_02_23_28_21_941.jpg,/IMG/left_2018_01_02_23_28_21_941.jpg,/IMG/right_2018_01_02_23_28_21_941.jpg,0,0,0,7.188467
/IMG/center_2018_01_02_23_28_22_576.jpg,/IMG/left_2018_01_02_23_28_22_576.jpg,/IMG/right_2018_01_02_23_28_22_576.jpg,0,1,0,10.94165
/IMG/center_2018_01_02_23_28_23_206.jpg,/IMG/left_2018_01_02_23_28_23_206.jpg,/IMG/right_2018_01_02_23_28_23_206.jpg,-0.8000001,0,0,10.45464
/IMG/center_2018_01_02_23_28_23_726.jpg,/IMG/left_2018_01_02_23_28_23_726.jpg,/IMG/right_2018_01_02_23_28_23_726.jpg,0,0,0,9.998433
/IMG/center_2018_01_02_23_28_24_288.jpg,/IMG/left_2018_01_02_23_28_24_288.jpg,/IMG/right_2018_01_02_23_28_24_288.jpg,0,0,0,9.661271
/IMG/center_2018_01_02_23_28_24_953.jpg,/IMG/left_2018_01_02_23_28_24_953.jpg,/IMG/right_2018_01_02_23_28_24_953.jpg,0,0,0,9.35436
/IMG/center_2018_01_02_23_28_25_631.jpg,/IMG/left_2018_01_02_23_28_25_631.jpg,/IMG/right_2018_01_02_23_28_25_631.jpg,0,0,0,9.038945
/IMG/center_2018_01_02_23_28_26_270.jpg,/IMG/left_2018_01_02_23_28_26_270.jpg,/IMG/right_2018_01_02_23_28_26_270.jpg,0,0,0,8.734172
/IMG/center_2018_01_02_23_28_26_892.jpg,/IMG/left_2018_01_02_23_28_26_892.jpg,/IMG/right_2018_01_02_23_28_26_892.jpg,0,0,0,8.456728
/IMG/center_2018_01_02_23_28_27_532.jpg,/IMG/left_2018_01_02_23_28_27_532.jpg,/IMG/right_2018_01_02_23_28_27_532.jpg,0,0,0,8.17159
/IMG/center_2018_01_02_23_28_28_168.jpg,/IMG/left_2018_01_02_23_28_28_168.jpg,/IMG/right_2018_01_02_23_28_28_168.jpg,0,1,0,12.01375
/IMG/center_2018_01_02_23_28_28_817.jpg,/IMG/left_2018_01_02_23_28_28_817.jpg,/IMG/right_2018_01_02_23_28_28_817.jpg,0,0,0,11.62978
/IMG/center_2018_01_02_23_28_29_619.jpg,/IMG/left_2018_01_02_23_28_29_619.jpg,/IMG/right_2018_01_02_23_28_29_619.jpg,-0.8500001,0,0,10.94086
/IMG/center_2018_01_02_23_28_30_053.jpg,/IMG/left_2018_01_02_23_28_30_053.jpg,/IMG/right_2018_01_02_23_28_30_053.jpg,0,0,0,10.44884
/IMG/center_2018_01_02_23_28_30_661.jpg,/IMG/left_2018_01_02_23_28_30_661.jpg,/IMG/right_2018_01_02_23_28_30_661.jpg,0,0,0,10.11688
/IMG/center_2018_01_02_23_28_31_309.jpg,/IMG/left_2018_01_02_23_28_31_309.jpg,/IMG/right_2018_01_02_23_28_31_309.jpg,0,0,0,9.775744
/IMG/center_2018_01_02_23_28_31_973.jpg,/IMG/left_2018_01_02_23_28_31_973.jpg,/IMG/right_2018_01_02_23_28_31_973.jpg,0,0,0,9.44612
/IMG/center_2018_01_02_23_28_32_617.jpg,/IMG/left_2018_01_02_23_28_32_617.jpg,/IMG/right_2018_01_02_23_28_32_617.jpg,-0.8000001,0,0,8.955177
/IMG/center_2018_01_02_23_28_33_260.jpg,/IMG/left_2018_01_02_23_28_33_260.jpg,/IMG/right_2018_01_02_23_28_33_260.jpg,0,0,0,8.556175
/IMG/center_2018_01_02_23_28_33_910.jpg,/IMG/left_2018_01_02_23_28_33_910.jpg,/IMG/right_2018_01_02_23_28_33_910.jpg,0,0,0,8.267762
/IMG/center_2018_01_02_23_28_34_542.jpg,/IMG/left_2018_01_02_23_28_34_542.jpg,/IMG/right_2018_01_02_23_28_34_542.jpg,0,0,0,8.005135
/IMG/center_2018_01_02_23_28_35_166.jpg,/IMG/left_2018_01_02_23_28_35_166.jpg,/IMG/right_2018_01_02_23_28_35_166.jpg,0,0,0,7.735231
/IMG/center_2018_01_02_23_28_35_785.jpg,/IMG/left_2018_01_02_23_28_35_785.jpg,/IMG/right_2018_01_02_23_28_35_785.jpg,-0.8500001,0,0,7.300478
/IMG/center_2018_01_02_23_28_36_408.jpg,/IMG/left_2018_01_02_23_28_36_408.jpg,/IMG/right_2018_01_02_23_28_36_408.jpg,0,0,0,6.968031
/IMG/center_2018_01_02_23_28_37_004.jpg,/IMG/left_2018_01_02_23_28_37_004.jpg,/IMG/right_2018_01_02_23_28_37_004.jpg,0,0,0,6.733097
/IMG/center_2018_01_02_23_28_37_596.jpg,/IMG/left_2018_01_02_23_28_37_596.jpg,/IMG/right_2018_01_02_23_28_37_596.jpg,0,1,0,10.50427
/IMG/center_2018_01_02_23_28_38_195.jpg,/IMG/left_2018_01_02_23_28_38_195.jpg,/IMG/right_2018_01_02_23_28_38_195.jpg,0,0,0,10.25354
/IMG/center_2018_01_02_23_28_38_765.jpg,/IMG/left_2018_01_02_23_28_38_765.jpg,/IMG/right_2018_01_02_23_28_38_765.jpg,0,0,0,9.907767
/IMG/center_2018_01_02_23_28_39_354.jpg,/IMG/left_2018_01_02_23_28_39_354.jpg,/IMG/right_2018_01_02_23_28_39_354.jpg,-0.8500001,0,0,9.347481
/IMG/center_2018_01_02_23_28_39_939.jpg,/IMG/left_2018_01_02_23_28_39_939.jpg,/IMG/right_2018_01_02_23_28_39_939.jpg,0,0,0,8.935807
/IMG/center_2018_01_02_23_28_40_497.jpg,/IMG/left_2018_01_02_23_28_40_497.jpg,/IMG/right_2018_01_02_23_28_40_497.jpg,0,0,0,8.634504
/IMG/center_2018_01_02_23_28_41_087.jpg,/IMG/left_2018_01_02_23_28_41_087.jpg,/IMG/right_2018_01_02_23_28_41_087.jpg,0,0,0,8.343379
/IMG/center_2018_01_02_23_28_41_665.jpg,/IMG/left_2018_01_02_23_28_41_665.jpg,/IMG/right_2018_01_02_23_28_41_665.jpg,-0.8000001,0,0,7.910861
/IMG/center_2018_01_02_23_28_42_239.jpg,/IMG/left_2018_01_02_23_28_42_239.jpg,/IMG/right_2018_01_02_23_28_42_239.jpg,0,0,0,7.553197
/IMG/center_2018_01_02_23_28_42_814.jpg,/IMG/left_2018_01_02_23_28_42_814.jpg,/IMG/right_2018_01_02_23_28_42_814.jpg,0,0,0,7.29853
/IMG/center_2018_01_02_23_28_43_381.jpg,/IMG/left_2018_01_02_23_28_43_381.jpg,/IMG/right_2018_01_02_23_28_43_381.jpg,0,0,0,7.066689
/IMG/center_2018_01_02_23_28_43_937.jpg,/IMG/left_2018_01_02_23_28_43_937.jpg,/IMG/right_2018_01_02_23_28_43_937.jpg,0,1,0,10.82458
/IMG/center_2018_01_02_23_28_44_517.jpg,/IMG/left_2018_01_02_23_28_44_517.jpg,/IMG/right_2018_01_02_23_28_44_517.jpg,-0.8500001,0,0,10.29362
/IMG/center_2018_01_02_23_28_45_083.jpg,/IMG/left_2018_01_02_23_28_45_083.jpg,/IMG/right_2018_01_02_23_28_45_083.jpg,0,0,0,9.847043
/IMG/center_2018_01_02_23_28_45_638.jpg,/IMG/left_2018_01_02_23_28_45_638.jpg,/IMG/right_2018_01_02_23_28_45_638.jpg,0,0,0,9.514993
/IMG/center_2018_01_02_23_28_46_203.jpg,/IMG/left_2018_01_02_23_28_46_203.jpg,/IMG/right_2018_01_02_23_28_46_203.jpg,0,0,0,9.194233
/IMG/center_2018_01_02_23_28_46_759.jpg,/IMG/left_2018_01_02_23_28_46_759.jpg,/IMG/right_2018_01_02_23_28_46_759.jpg,-0.8000001,0,0,8.716506
/IMG/center_2018_01_02_23_28_47_318.jpg,/IMG/left_2018_01_02_23_28_47_318.jpg,/IMG/right_2018_01_02_23_28_47_318.jpg,0,0,0,8.326843
/IMG/center_2018_01_02_23_28_47_874.jpg,/IMG/left_2018_01_02_23_28_47_874.jpg,/IMG/right_2018_01_02_23_28_47_874.jpg,0,0,0,8.046087
/IMG/center_2018_01_02_23_28_48_418.jpg,/IMG/left_2018_01_02_23_28_48_418.jpg,/IMG/right_2018_01_02_23_28_48_418.jpg,0,0,0,7.790508
/IMG/center_2018_01_02_23_28_48_971.jpg,/IMG/left_2018_01_02_23_28_48_971.jpg,/IMG/right_2018_01_02_23_28_48_971.jpg,-0.8500001,0,0,7.352598
/IMG/center_2018_01_02_23_28_49_511.jpg,/IMG/left_2018_01_02_23_28_49_511.jpg,/IMG/right_2018_01_02_23_28_49_511.jpg,0,0,0,7.003942
/IMG/center_2018_01_02_23_28_50_052.jpg,/IMG/left_2018_01_02_23_28_50_052.jpg,/IMG/right_2018_01_02_23_28_50_052.jpg,0,0,0,6.781469
/IMG/center_2018_01_02_23_28_50_592.jpg,/IMG/left_2018_01_02_23_28_50_592.jpg,/IMG/right_2018_01_02_23_28_50_592.jpg,0,0,0,6.552829
/IMG/center_2018_01_02_23_28_51_147.jpg,/IMG/left_2018_01_02_23_28_51_147.jpg,/IMG/right_2018_01_02_23_28_51_147.jpg,-0.8500001,0,0,6.185961
/IMG/center_2018_01_02_23_28_51_707.jpg,/IMG/left_2018_01_02_23_28_51_707.jpg,/IMG/right_2018_01_02_23_28_51_707.jpg,0,0,0,5.898937
/IMG/center_2018_01_02_23_28_52_268.jpg,/IMG/left_2018_01_02_23_28_52_268.jpg,/IMG/right_2018_01_02_23_28_52_268.jpg,0,1,0,9.70346
/IMG/center_2018_01_02_23_28_52_793.jpg,/IMG/left_2018_01_02_23_28_52_793.jpg,/IMG/right_2018_01_02_23_28_52_793.jpg,-0.8500001,0,0,9.230812
/IMG/center_2018_01_02_23_28_53_342.jpg,/IMG/left_2018_01_02_23_28_53_342.jpg,/IMG/right_2018_01_02_23_28_53_342.jpg,-1,0,0,8.728395
/IMG/center_2018_01_02_23_28_53_876.jpg,/IMG/left_2018_01_02_23_28_53_876.jpg,/IMG/right_2018_01_02_23_28_53_876.jpg,0,0,0,8.211396
/IMG/center_2018_01_02_23_28_54_467.jpg,/IMG/left_2018_01_02_23_28_54_467.jpg,/IMG/right_2018_01_02_23_28_54_467.jpg,0,0,0,7.927056
/IMG/center_2018_01_02_23_28_55_045.jpg,/IMG/left_2018_01_02_23_28_55_045.jpg,/IMG/right_2018_01_02_23_28_55_045.jpg,0,0,0,7.668806
/IMG/center_2018_01_02_23_28_55_618.jpg,/IMG/left_2018_01_02_23_28_55_618.jpg,/IMG/right_2018_01_02_23_28_55_618.jpg,0,0,0,7.402789
/IMG/center_2018_01_02_23_28_56_194.jpg,/IMG/left_2018_01_02_23_28_56_194.jpg,/IMG/right_2018_01_02_23_28_56_194.jpg,0,0,0,7.14464
/IMG/center_2018_01_02_23_28_56_760.jpg,/IMG/left_2018_01_02_23_28_56_760.jpg,/IMG/right_2018_01_02_23_28_56_760.jpg,0,0,0,6.911446
/IMG/center_2018_01_02_23_28_57_332.jpg,/IMG/left_2018_01_02_23_28_57_332.jpg,/IMG/right_2018_01_02_23_28_57_332.jpg,0,1,0,10.6706
/IMG/center_2018_01_02_23_28_57_908.jpg,/IMG/left_2018_01_02_23_28_57_908.jpg,/IMG/right_2018_01_02_23_28_57_908.jpg,0,0,0,10.38955
/IMG/center_2018_01_02_23_28_58_480.jpg,/IMG/left_2018_01_02_23_28_58_480.jpg,/IMG/right_2018_01_02_23_28_58_480.jpg,0,0,0,10.05485
/IMG/center_2018_01_02_23_28_59_051.jpg,/IMG/left_2018_01_02_23_28_59_051.jpg,/IMG/right_2018_01_02_23_28_59_051.jpg,0,0,0,9.712681
/IMG/center_2018_01_02_23_28_59_641.jpg,/IMG/left_2018_01_02_23_28_59_641.jpg,/IMG/right_2018_01_02_23_28_59_641.jpg,0,0,0,9.384647
/IMG/center_2018_01_02_23_29_00_233.jpg,/IMG/left_2018_01_02_23_29_00_233.jpg,/IMG/right_2018_01_02_23_29_00_233.jpg,0,0,0,9.087085
/IMG/center_2018_01_02_23_29_00_826.jpg,/IMG/left_2018_01_02_23_29_00_826.jpg,/IMG/right_2018_01_02_23_29_00_826.jpg,0,0,0,8.783581
/IMG/center_2018_01_02_23_29_01_427.jpg,/IMG/left_2018_01_02_23_29_01_427.jpg,/IMG/right_2018_01_02_23_29_01_427.jpg,0,0,0,8.490298
/IMG/center_2018_01_02_23_29_02_012.jpg,/IMG/left_2018_01_02_23_29_02_012.jpg,/IMG/right_2018_01_02_23_29_02_012.jpg,0,0,0,8.223296
/IMG/center_2018_01_02_23_29_02_593.jpg,/IMG/left_2018_01_02_23_29_02_593.jpg,/IMG/right_2018_01_02_23_29_02_593.jpg,0,0,0,7.948884
/IMG/center_2018_01_02_23_29_03_183.jpg,/IMG/left_2018_01_02_23_29_03_183.jpg,/IMG/right_2018_01_02_23_29_03_183.jpg,0,0,0,7.686571
/IMG/center_2018_01_02_23_29_03_770.jpg,/IMG/left_2018_01_02_23_29_03_770.jpg,/IMG/right_2018_01_02_23_29_03_770.jpg,0,0,0,7.448776
/IMG/center_2018_01_02_23_29_04_379.jpg,/IMG/left_2018_01_02_23_29_04_379.jpg,/IMG/right_2018_01_02_23_29_04_379.jpg,0,0,0,7.20484
/IMG/center_2018_01_02_23_29_04_966.jpg,/IMG/left_2018_01_02_23_29_04_966.jpg,/IMG/right_2018_01_02_23_29_04_966.jpg,0,0,0,6.971751
/IMG/center_2018_01_02_23_29_05_565.jpg,/IMG/left_2018_01_02_23_29_05_565.jpg,/IMG/right_2018_01_02_23_29_05_565.jpg,-0.8000001,0,0,6.611731
/IMG/center_2018_01_02_23_29_06_141.jpg,/IMG/left_2018_01_02_23_29_06_141.jpg,/IMG/right_2018_01_02_23_29_06_141.jpg,0,0,0,6.314962
/IMG/center_2018_01_02_23_29_06_773.jpg,/IMG/left_2018_01_02_23_29_06_773.jpg,/IMG/right_2018_01_02_23_29_06_773.jpg,0,0,0,6.106704
/IMG/center_2018_01_02_23_29_07_373.jpg,/IMG/left_2018_01_02_23_29_07_373.jpg,/IMG/right_2018_01_02_23_29_07_373.jpg,0,0,0,5.915257
/IMG/center_2018_01_02_23_29_07_967.jpg,/IMG/left_2018_01_02_23_29_07_967.jpg,/IMG/right_2018_01_02_23_29_07_967.jpg,0,1,0,9.721931
/IMG/center_2018_01_02_23_29_08_563.jpg,/IMG/left_2018_01_02_23_29_08_563.jpg,/IMG/right_2018_01_02_23_29_08_563.jpg,0,0,0,9.472678
/IMG/center_2018_01_02_23_29_09_180.jpg,/IMG/left_2018_01_02_23_29_09_180.jpg,/IMG/right_2018_01_02_23_29_09_180.jpg,0,0,0,9.171759
/IMG/center_2018_01_02_23_29_09_786.jpg,/IMG/left_2018_01_02_23_29_09_786.jpg,/IMG/right_2018_01_02_23_29_09_786.jpg,-0.8500001,0,0,8.653811
/IMG/center_2018_01_02_23_29_10_385.jpg,/IMG/left_2018_01_02_23_29_10_385.jpg,/IMG/right_2018_01_02_23_29_10_385.jpg,0,0,0,8.251644
/IMG/center_2018_01_02_23_29_10_986.jpg,/IMG/left_2018_01_02_23_29_10_986.jpg,/IMG/right_2018_01_02_23_29_10_986.jpg,0,0,0,7.989548
/IMG/center_2018_01_02_23_29_11_573.jpg,/IMG/left_2018_01_02_23_29_11_573.jpg,/IMG/right_2018_01_02_23_29_11_573.jpg,0,0,0,7.720195
/IMG/center_2018_01_02_23_29_12_134.jpg,/IMG/left_2018_01_02_23_29_12_134.jpg,/IMG/right_2018_01_02_23_29_12_134.jpg,0,0,0,7.459924
/IMG/center_2018_01_02_23_29_12_639.jpg,/IMG/left_2018_01_02_23_29_12_639.jpg,/IMG/right_2018_01_02_23_29_12_639.jpg,0,1,0,10.98172
/IMG/center_2018_01_02_23_29_13_153.jpg,/IMG/left_2018_01_02_23_29_13_153.jpg,/IMG/right_2018_01_02_23_29_13_153.jpg,-0.8500001,0,0,10.4423
/IMG/center_2018_01_02_23_29_13_653.jpg,/IMG/left_2018_01_02_23_29_13_653.jpg,/IMG/right_2018_01_02_23_29_13_653.jpg,0,0,0,9.970057
/IMG/center_2018_01_02_23_29_14_173.jpg,/IMG/left_2018_01_02_23_29_14_173.jpg,/IMG/right_2018_01_02_23_29_14_173.jpg,0,0,0,9.653338
/IMG/center_2018_01_02_23_29_14_679.jpg,/IMG/left_2018_01_02_23_29_14_679.jpg,/IMG/right_2018_01_02_23_29_14_679.jpg,0,0,0,9.327857
/IMG/center_2018_01_02_23_29_15_189.jpg,/IMG/left_2018_01_02_23_29_15_189.jpg,/IMG/right_2018_01_02_23_29_15_189.jpg,-0.8500001,0,0,8.801024
/IMG/center_2018_01_02_23_29_15_699.jpg,/IMG/left_2018_01_02_23_29_15_699.jpg,/IMG/right_2018_01_02_23_29_15_699.jpg,0,0,0,8.410072
/IMG/center_2018_01_02_23_29_16_202.jpg,/IMG/left_2018_01_02_23_29_16_202.jpg,/IMG/right_2018_01_02_23_29_16_202.jpg,0,0,0,8.126459
/IMG/center_2018_01_02_23_29_16_697.jpg,/IMG/left_2018_01_02_23_29_16_697.jpg,/IMG/right_2018_01_02_23_29_16_697.jpg,-0.8500001,0,0,7.669193
/IMG/center_2018_01_02_23_29_17_213.jpg,/IMG/left_2018_01_02_23_29_17_213.jpg,/IMG/right_2018_01_02_23_29_17_213.jpg,0,0,0,7.322178
/IMG/center_2018_01_02_23_29_17_752.jpg,/IMG/left_2018_01_02_23_29_17_752.jpg,/IMG/right_2018_01_02_23_29_17_752.jpg,0,0,0,7.075191
/IMG/center_2018_01_02_23_29_18_264.jpg,/IMG/left_2018_01_02_23_29_18_264.jpg,/IMG/right_2018_01_02_23_29_18_264.jpg,0,0,0,6.836664
/IMG/center_2018_01_02_23_29_18_786.jpg,/IMG/left_2018_01_02_23_29_18_786.jpg,/IMG/right_2018_01_02_23_29_18_786.jpg,0,1,0,10.38212
/IMG/center_2018_01_02_23_29_19_306.jpg,/IMG/left_2018_01_02_23_29_19_306.jpg,/IMG/right_2018_01_02_23_29_19_306.jpg,0,0,0,10.11395
/IMG/center_2018_01_02_23_29_19_836.jpg,/IMG/left_2018_01_02_23_29_19_836.jpg,/IMG/right_2018_01_02_23_29_19_836.jpg,-0.8500001,0,0,9.541983
/IMG/center_2018_01_02_23_29_20_359.jpg,/IMG/left_2018_01_02_23_29_20_359.jpg,/IMG/right_2018_01_02_23_29_20_359.jpg,0,0,0,9.123243
/IMG/center_2018_01_02_23_29_20_869.jpg,/IMG/left_2018_01_02_23_29_20_869.jpg,/IMG/right_2018_01_02_23_29_20_869.jpg,0,0,0,8.815526
/IMG/center_2018_01_02_23_29_21_410.jpg,/IMG/left_2018_01_02_23_29_21_410.jpg,/IMG/right_2018_01_02_23_29_21_410.jpg,0,0,0,8.518323
/IMG/center_2018_01_02_23_29_21_950.jpg,/IMG/left_2018_01_02_23_29_21_950.jpg,/IMG/right_2018_01_02_23_29_21_950.jpg,0,1,0,12.12943
/IMG/center_2018_01_02_23_29_22_436.jpg,/IMG/left_2018_01_02_23_29_22_436.jpg,/IMG/right_2018_01_02_23_29_22_436.jpg,0,0,0,11.67541
/IMG/center_2018_01_02_23_29_23_171.jpg,/IMG/left_2018_01_02_23_29_23_171.jpg,/IMG/right_2018_01_02_23_29_23_171.jpg,0,0,0,11.21952
/IMG/center_2018_01_02_23_29_23_685.jpg,/IMG/left_2018_01_02_23_29_23_685.jpg,/IMG/right_2018_01_02_23_29_23_685.jpg,0,0,0,10.93371
/IMG/center_2018_01_02_23_29_23_987.jpg,/IMG/left_2018_01_02_23_29_23_987.jpg,/IMG/right_2018_01_02_23_29_23_987.jpg,0,0,0,10.56505
/IMG/center_2018_01_02_23_29_24_519.jpg,/IMG/left_2018_01_02_23_29_24_519.jpg,/IMG/right_2018_01_02_23_29_24_519.jpg,0,0,0,10.20877
/IMG/center_2018_01_02_23_29_25_246.jpg,/IMG/left_2018_01_02_23_29_25_246.jpg,/IMG/right_2018_01_02_23_29_25_246.jpg,0,1,0,13.5719
/IMG/center_2018_01_02_23_29_25_758.jpg,/IMG/left_2018_01_02_23_29_25_758.jpg,/IMG/right_2018_01_02_23_29_25_758.jpg,0,0,0,13.45664
/IMG/center_2018_01_02_23_29_26_265.jpg,/IMG/left_2018_01_02_23_29_26_265.jpg,/IMG/right_2018_01_02_23_29_26_265.jpg,0,0,0,12.44159
/IMG/center_2018_01_02_23_29_26_779.jpg,/IMG/left_2018_01_02_23_29_26_779.jpg,/IMG/right_2018_01_02_23_29_26_779.jpg,0,0,0,12.02732
/IMG/center_2018_01_02_23_29_27_313.jpg,/IMG/left_2018_01_02_23_29_27_313.jpg,/IMG/right_2018_01_02_23_29_27_313.jpg,0,0,0,12.14826
/IMG/center_2018_01_02_23_29_27_825.jpg,/IMG/left_2018_01_02_23_29_27_825.jpg,/IMG/right_2018_01_02_23_29_27_825.jpg,0,0,0,11.19623
/IMG/center_2018_01_02_23_29_28_337.jpg,/IMG/left_2018_01_02_23_29_28_337.jpg,/IMG/right_2018_01_02_23_29_28_337.jpg,0,0,0,11.41401
/IMG/center_2018_01_02_23_29_28_855.jpg,/IMG/left_2018_01_02_23_29_28_855.jpg,/IMG/right_2018_01_02_23_29_28_855.jpg,0,0,0,10.8296
/IMG/center_2018_01_02_23_29_29_154.jpg,/IMG/left_2018_01_02_23_29_29_154.jpg,/IMG/right_2018_01_02_23_29_29_154.jpg,0,0,0,10.46444
/IMG/center_2018_01_02_23_29_29_741.jpg,/IMG/left_2018_01_02_23_29_29_741.jpg,/IMG/right_2018_01_02_23_29_29_741.jpg,0,0,0,10.13202
/IMG/center_2018_01_02_23_29_30_382.jpg,/IMG/left_2018_01_02_23_29_30_382.jpg,/IMG/right_2018_01_02_23_29_30_382.jpg,0,0,0,9.790387
/IMG/center_2018_01_02_23_29_31_033.jpg,/IMG/left_2018_01_02_23_29_31_033.jpg,/IMG/right_2018_01_02_23_29_31_033.jpg,0,0,0,9.460281
/IMG/center_2018_01_02_23_29_31_643.jpg,/IMG/left_2018_01_02_23_29_31_643.jpg,/IMG/right_2018_01_02_23_29_31_643.jpg,0,0,0,9.15977
/IMG/center_2018_01_02_23_29_32_248.jpg,/IMG/left_2018_01_02_23_29_32_248.jpg,/IMG/right_2018_01_02_23_29_32_248.jpg,-0.8500001,0,0,8.64281
/IMG/center_2018_01_02_23_29_32_879.jpg,/IMG/left_2018_01_02_23_29_32_879.jpg,/IMG/right_2018_01_02_23_29_32_879.jpg,0,0,0,8.241177
/IMG/center_2018_01_02_23_29_33_494.jpg,/IMG/left_2018_01_02_23_29_33_494.jpg,/IMG/right_2018_01_02_23_29_33_494.jpg,0,1,0,11.56857
/IMG/center_2018_01_02_23_29_34_359.jpg,/IMG/left_2018_01_02_23_29_34_359.jpg,/IMG/right_2018_01_02_23_29_34_359.jpg,0,0,0,11.54739
/IMG/center_2018_01_02_23_29_35_475.jpg,/IMG/left_2018_01_02_23_29_35_475.jpg,/IMG/right_2018_01_02_23_29_35_475.jpg,0,1,0,14.94527
/IMG/center_2018_01_02_23_29_36_089.jpg,/IMG/left_2018_01_02_23_29_36_089.jpg,/IMG/right_2018_01_02_23_29_36_089.jpg,0,0,0,14.38601
/IMG/center_2018_01_02_23_29_36_700.jpg,/IMG/left_2018_01_02_23_29_36_700.jpg,/IMG/right_2018_01_02_23_29_36_700.jpg,0,1,0,18.19461
/IMG/center_2018_01_02_23_29_37_065.jpg,/IMG/left_2018_01_02_23_29_37_065.jpg,/IMG/right_2018_01_02_23_29_37_065.jpg,0,0,0,17.65056
/IMG/center_2018_01_02_23_29_37_679.jpg,/IMG/left_2018_01_02_23_29_37_679.jpg,/IMG/right_2018_01_02_23_29_37_679.jpg,0,0,0,17.10915
/IMG/center_2018_01_02_23_29_38_306.jpg,/IMG/left_2018_01_02_23_29_38_306.jpg,/IMG/right_2018_01_02_23_29_38_306.jpg,0,0,0,16.31264
/IMG/center_2018_01_02_23_29_38_916.jpg,/IMG/left_2018_01_02_23_29_38_916.jpg,/IMG/right_2018_01_02_23_29_38_916.jpg,0,0,0,15.97864
/IMG/center_2018_01_02_23_29_39_781.jpg,/IMG/left_2018_01_02_23_29_39_781.jpg,/IMG/right_2018_01_02_23_29_39_781.jpg,0,0,0,15.47285
/IMG/center_2018_01_02_23_29_40_393.jpg,/IMG/left_2018_01_02_23_29_40_393.jpg,/IMG/right_2018_01_02_23_29_40_393.jpg,-0.8500001,0,0,14.40552
/IMG/center_2018_01_02_23_29_40_906.jpg,/IMG/left_2018_01_02_23_29_40_906.jpg,/IMG/right_2018_01_02_23_29_40_906.jpg,0,0,0,14.05151
/IMG/center_2018_01_02_23_29_41_416.jpg,/IMG/left_2018_01_02_23_29_41_416.jpg,/IMG/right_2018_01_02_23_29_41_416.jpg,0,0,0,13.60273
/IMG/center_2018_01_02_23_29_41_924.jpg,/IMG/left_2018_01_02_23_29_41_924.jpg,/IMG/right_2018_01_02_23_29_41_924.jpg,0,0,0,12.88942
/IMG/center_2018_01_02_23_29_42_437.jpg,/IMG/left_2018_01_02_23_29_42_437.jpg,/IMG/right_2018_01_02_23_29_42_437.jpg,0,0,0,12.70905
/IMG/center_2018_01_02_23_29_42_947.jpg,/IMG/left_2018_01_02_23_29_42_947.jpg,/IMG/right_2018_01_02_23_29_42_947.jpg,0,1,0,15.35952
/IMG/center_2018_01_02_23_29_43_463.jpg,/IMG/left_2018_01_02_23_29_43_463.jpg,/IMG/right_2018_01_02_23_29_43_463.jpg,0,0,0,15.44824
/IMG/center_2018_01_02_23_29_43_975.jpg,/IMG/left_2018_01_02_23_29_43_975.jpg,/IMG/right_2018_01_02_23_29_43_975.jpg,0,0,0,14.88263
/IMG/center_2018_01_02_23_29_44_483.jpg,/IMG/left_2018_01_02_23_29_44_483.jpg,/IMG/right_2018_01_02_23_29_44_483.jpg,0,1,0,18.05888
/IMG/center_2018_01_02_23_29_44_790.jpg,/IMG/left_2018_01_02_23_29_44_790.jpg,/IMG/right_2018_01_02_23_29_44_790.jpg,0,0,0,17.8696
/IMG/center_2018_01_02_23_29_45_312.jpg,/IMG/left_2018_01_02_23_29_45_312.jpg,/IMG/right_2018_01_02_23_29_45_312.jpg,0,0,0,16.73421
/IMG/center_2018_01_02_23_29_46_078.jpg,/IMG/left_2018_01_02_23_29_46_078.jpg,/IMG/right_2018_01_02_23_29_46_078.jpg,0,0,0,16.182
/IMG/center_2018_01_02_23_29_46_627.jpg,/IMG/left_2018_01_02_23_29_46_627.jpg,/IMG/right_2018_01_02_23_29_46_627.jpg,0,0,0,16.18324
/IMG/center_2018_01_02_23_29_47_195.jpg,/IMG/left_2018_01_02_23_29_47_195.jpg,/IMG/right_2018_01_02_23_29_47_195.jpg,0,0,0,15.13041
/IMG/center_2018_01_02_23_29_47_822.jpg,/IMG/left_2018_01_02_23_29_47_822.jpg,/IMG/right_2018_01_02_23_29_47_822.jpg,0,0,0,14.64608
/IMG/center_2018_01_02_23_29_48_435.jpg,/IMG/left_2018_01_02_23_29_48_435.jpg,/IMG/right_2018_01_02_23_29_48_435.jpg,0,0,0,14.65253
/IMG/center_2018_01_02_23_29_49_054.jpg,/IMG/left_2018_01_02_23_29_49_054.jpg,/IMG/right_2018_01_02_23_29_49_054.jpg,0,1,0,17.95024
/IMG/center_2018_01_02_23_29_49_390.jpg,/IMG/left_2018_01_02_23_29_49_390.jpg,/IMG/right_2018_01_02_23_29_49_390.jpg,0,0,0,17.43853
/IMG/center_2018_01_02_23_29_50_006.jpg,/IMG/left_2018_01_02_23_29_50_006.jpg,/IMG/right_2018_01_02_23_29_50_006.jpg,0,0,0,16.70617
/IMG/center_2018_01_02_23_29_50_622.jpg,/IMG/left_2018_01_02_23_29_50_622.jpg,/IMG/right_2018_01_02_23_29_50_622.jpg,0,0,0,16.23743
/IMG/center_2018_01_02_23_29_51_495.jpg,/IMG/left_2018_01_02_23_29_51_495.jpg,/IMG/right_2018_01_02_23_29_51_495.jpg,0,0,0,15.70924
/IMG/center_2018_01_02_23_29_52_097.jpg,/IMG/left_2018_01_02_23_29_52_097.jpg,/IMG/right_2018_01_02_23_29_52_097.jpg,0,0,0,15.11147
/IMG/center_2018_01_02_23_29_52_689.jpg,/IMG/left_2018_01_02_23_29_52_689.jpg,/IMG/right_2018_01_02_23_29_52_689.jpg,0,0,0,14.67203
/IMG/center_2018_01_02_23_29_53_283.jpg,/IMG/left_2018_01_02_23_29_53_283.jpg,/IMG/right_2018_01_02_23_29_53_283.jpg,0,0,0,14.19824
/IMG/center_2018_01_02_23_29_53_856.jpg,/IMG/left_2018_01_02_23_29_53_856.jpg,/IMG/right_2018_01_02_23_29_53_856.jpg,0,1,0,17.76031
/IMG/center_2018_01_02_23_29_54_192.jpg,/IMG/left_2018_01_02_23_29_54_192.jpg,/IMG/right_2018_01_02_23_29_54_192.jpg,0,0,0,17.07081
/IMG/center_2018_01_02_23_29_54_769.jpg,/IMG/left_2018_01_02_23_29_54_769.jpg,/IMG/right_2018_01_02_23_29_54_769.jpg,0,0,0,16.52626
/IMG/center_2018_01_02_23_29_55_336.jpg,/IMG/left_2018_01_02_23_29_55_336.jpg,/IMG/right_2018_01_02_23_29_55_336.jpg,0,0,0,16.05976
/IMG/center_2018_01_02_23_29_56_134.jpg,/IMG/left_2018_01_02_23_29_56_134.jpg,/IMG/right_2018_01_02_23_29_56_134.jpg,0,0,0,15.42163
/IMG/center_2018_01_02_23_29_56_686.jpg,/IMG/left_2018_01_02_23_29_56_686.jpg,/IMG/right_2018_01_02_23_29_56_686.jpg,0,0,0,14.97909
/IMG/center_2018_01_02_23_29_57_243.jpg,/IMG/left_2018_01_02_23_29_57_243.jpg,/IMG/right_2018_01_02_23_29_57_243.jpg,0,0,0,14.5131
/IMG/center_2018_01_02_23_29_57_784.jpg,/IMG/left_2018_01_02_23_29_57_784.jpg,/IMG/right_2018_01_02_23_29_57_784.jpg,0,0,0,14.00242
/IMG/center_2018_01_02_23_29_58_332.jpg,/IMG/left_2018_01_02_23_29_58_332.jpg,/IMG/right_2018_01_02_23_29_58_332.jpg,0,0,0,13.48271
/IMG/center_2018_01_02_23_29_58_878.jpg,/IMG/left_2018_01_02_23_29_58_878.jpg,/IMG/right_2018_01_02_23_29_58_878.jpg,0,0,0,13.07515
/IMG/center_2018_01_02_23_29_59_430.jpg,/IMG/left_2018_01_02_23_29_59_430.jpg,/IMG/right_2018_01_02_23_29_59_430.jpg,0,1,0,16.62913
/IMG/center_2018_01_02_23_29_59_972.jpg,/IMG/left_2018_01_02_23_29_59_972.jpg,/IMG/right_2018_01_02_23_29_59_972.jpg,0,0,0,16.02296
/IMG/center_2018_01_02_23_30_00_529.jpg,/IMG/left_2018_01_02_23_30_00_529.jpg,/IMG/right_2018_01_02_23_30_00_529.jpg,0,0,0,15.69864
/IMG/center_2018_01_02_23_30_01_068.jpg,/IMG/left_2018_01_02_23_30_01_068.jpg,/IMG/right_2018_01_02_23_30_01_068.jpg,0,0,0,14.93134
/IMG/center_2018_01_02_23_30_01_613.jpg,/IMG/left_2018_01_02_23_30_01_613.jpg,/IMG/right_2018_01_02_23_30_01_613.jpg,0,0,0,14.47459
/IMG/center_2018_01_02_23_30_02_148.jpg,/IMG/left_2018_01_02_23_30_02_148.jpg,/IMG/right_2018_01_02_23_30_02_148.jpg,0,0,0,14.18869
/IMG/center_2018_01_02_23_30_02_679.jpg,/IMG/left_2018_01_02_23_30_02_679.jpg,/IMG/right_2018_01_02_23_30_02_679.jpg,0,0,0,13.44681
/IMG/center_2018_01_02_23_30_03_205.jpg,/IMG/left_2018_01_02_23_30_03_205.jpg,/IMG/right_2018_01_02_23_30_03_205.jpg,0,0,0,12.98339
/IMG/center_2018_01_02_23_30_03_732.jpg,/IMG/left_2018_01_02_23_30_03_732.jpg,/IMG/right_2018_01_02_23_30_03_732.jpg,0,0,0,12.77573
/IMG/center_2018_01_02_23_30_04_260.jpg,/IMG/left_2018_01_02_23_30_04_260.jpg,/IMG/right_2018_01_02_23_30_04_260.jpg,0,0,0,12.09023
/IMG/center_2018_01_02_23_30_04_787.jpg,/IMG/left_2018_01_02_23_30_04_787.jpg,/IMG/right_2018_01_02_23_30_04_787.jpg,0,0,0,11.70388
/IMG/center_2018_01_02_23_30_05_307.jpg,/IMG/left_2018_01_02_23_30_05_307.jpg,/IMG/right_2018_01_02_23_30_05_307.jpg,0,0,0,11.54413
/IMG/center_2018_01_02_23_30_05_831.jpg,/IMG/left_2018_01_02_23_30_05_831.jpg,/IMG/right_2018_01_02_23_30_05_831.jpg,0,1,0,14.97352
/IMG/center_2018_01_02_23_30_06_357.jpg,/IMG/left_2018_01_02_23_30_06_357.jpg,/IMG/right_2018_01_02_23_30_06_357.jpg,0,0,0,14.43657
/IMG/center_2018_01_02_23_30_06_879.jpg,/IMG/left_2018_01_02_23_30_06_879.jpg,/IMG/right_2018_01_02_23_30_06_879.jpg,0,0,0,14.45718
/IMG/center_2018_01_02_23_30_07_396.jpg,/IMG/left_2018_01_02_23_30_07_396.jpg,/IMG/right_2018_01_02_23_30_07_396.jpg,0,0,0,13.46275
/IMG/center_2018_01_02_23_30_07_942.jpg,/IMG/left_2018_01_02_23_30_07_942.jpg,/IMG/right_2018_01_02_23_30_07_942.jpg,0,0,0,12.89456
/IMG/center_2018_01_02_23_30_08_461.jpg,/IMG/left_2018_01_02_23_30_08_461.jpg,/IMG/right_2018_01_02_23_30_08_461.jpg,0,0,0,12.99206
/IMG/center_2018_01_02_23_30_08_979.jpg,/IMG/left_2018_01_02_23_30_08_979.jpg,/IMG/right_2018_01_02_23_30_08_979.jpg,0,0,0,12.58543
/IMG/center_2018_01_02_23_30_09_501.jpg,/IMG/left_2018_01_02_23_30_09_501.jpg,/IMG/right_2018_01_02_23_30_09_501.jpg,0.8000001,0,0,11.82664
/IMG/center_2018_01_02_23_30_10_027.jpg,/IMG/left_2018_01_02_23_30_10_027.jpg,/IMG/right_2018_01_02_23_30_10_027.jpg,0,0,0,11.2191
/IMG/center_2018_01_02_23_30_10_336.jpg,/IMG/left_2018_01_02_23_30_10_336.jpg,/IMG/right_2018_01_02_23_30_10_336.jpg,0,0,0,10.86828
/IMG/center_2018_01_02_23_30_10_869.jpg,/IMG/left_2018_01_02_23_30_10_869.jpg,/IMG/right_2018_01_02_23_30_10_869.jpg,0,0,0,10.53136
/IMG/center_2018_01_02_23_30_11_418.jpg,/IMG/left_2018_01_02_23_30_11_418.jpg,/IMG/right_2018_01_02_23_30_11_418.jpg,0,0,0,10.18078
/IMG/center_2018_01_02_23_30_11_965.jpg,/IMG/left_2018_01_02_23_30_11_965.jpg,/IMG/right_2018_01_02_23_30_11_965.jpg,-0.8500001,0,0,9.606635
/IMG/center_2018_01_02_23_30_12_489.jpg,/IMG/left_2018_01_02_23_30_12_489.jpg,/IMG/right_2018_01_02_23_30_12_489.jpg,0,0,0,9.185515
/IMG/center_2018_01_02_23_30_13_026.jpg,/IMG/left_2018_01_02_23_30_13_026.jpg,/IMG/right_2018_01_02_23_30_13_026.jpg,0,0,0,8.875787
/IMG/center_2018_01_02_23_30_13_552.jpg,/IMG/left_2018_01_02_23_30_13_552.jpg,/IMG/right_2018_01_02_23_30_13_552.jpg,0,0,0,8.576532
/IMG/center_2018_01_02_23_30_14_084.jpg,/IMG/left_2018_01_02_23_30_14_084.jpg,/IMG/right_2018_01_02_23_30_14_084.jpg,0,0,0,8.304104
/IMG/center_2018_01_02_23_30_14_623.jpg,/IMG/left_2018_01_02_23_30_14_623.jpg,/IMG/right_2018_01_02_23_30_14_623.jpg,0,1,0,12.14249
/IMG/center_2018_01_02_23_30_15_180.jpg,/IMG/left_2018_01_02_23_30_15_180.jpg,/IMG/right_2018_01_02_23_30_15_180.jpg,0,0,0,11.656
/IMG/center_2018_01_02_23_30_15_899.jpg,/IMG/left_2018_01_02_23_30_15_899.jpg,/IMG/right_2018_01_02_23_30_15_899.jpg,0,0,0,11.28513
/IMG/center_2018_01_02_23_30_16_428.jpg,/IMG/left_2018_01_02_23_30_16_428.jpg,/IMG/right_2018_01_02_23_30_16_428.jpg,-0.8500001,0,0,10.68363
/IMG/center_2018_01_02_23_30_16_745.jpg,/IMG/left_2018_01_02_23_30_16_745.jpg,/IMG/right_2018_01_02_23_30_16_745.jpg,0,0,0,10.20198
/IMG/center_2018_01_02_23_30_17_276.jpg,/IMG/left_2018_01_02_23_30_17_276.jpg,/IMG/right_2018_01_02_23_30_17_276.jpg,0,0,0,9.877873
/IMG/center_2018_01_02_23_30_17_806.jpg,/IMG/left_2018_01_02_23_30_17_806.jpg,/IMG/right_2018_01_02_23_30_17_806.jpg,0,0,0,9.544834
/IMG/center_2018_01_02_23_30_18_337.jpg,/IMG/left_2018_01_02_23_30_18_337.jpg,/IMG/right_2018_01_02_23_30_18_337.jpg,0,0,0,9.222988
/IMG/center_2018_01_02_23_30_18_868.jpg,/IMG/left_2018_01_02_23_30_18_868.jpg,/IMG/right_2018_01_02_23_30_18_868.jpg,-0.8000001,0,0,8.743717
/IMG/center_2018_01_02_23_30_19_377.jpg,/IMG/left_2018_01_02_23_30_19_377.jpg,/IMG/right_2018_01_02_23_30_19_377.jpg,0,0,0,8.353017
/IMG/center_2018_01_02_23_30_19_885.jpg,/IMG/left_2018_01_02_23_30_19_885.jpg,/IMG/right_2018_01_02_23_30_19_885.jpg,0,0,0,8.071371
/IMG/center_2018_01_02_23_30_20_380.jpg,/IMG/left_2018_01_02_23_30_20_380.jpg,/IMG/right_2018_01_02_23_30_20_380.jpg,0,0,0,7.815064
/IMG/center_2018_01_02_23_30_20_888.jpg,/IMG/left_2018_01_02_23_30_20_888.jpg,/IMG/right_2018_01_02_23_30_20_888.jpg,0,1,0,11.64177
/IMG/center_2018_01_02_23_30_21_626.jpg,/IMG/left_2018_01_02_23_30_21_626.jpg,/IMG/right_2018_01_02_23_30_21_626.jpg,0,0,0,11.23865
/IMG/center_2018_01_02_23_30_21_923.jpg,/IMG/left_2018_01_02_23_30_21_923.jpg,/IMG/right_2018_01_02_23_30_21_923.jpg,0,0,0,10.88468
/IMG/center_2018_01_02_23_30_22_449.jpg,/IMG/left_2018_01_02_23_30_22_449.jpg,/IMG/right_2018_01_02_23_30_22_449.jpg,0,0,0,10.51763
/IMG/center_2018_01_02_23_30_22_963.jpg,/IMG/left_2018_01_02_23_30_22_963.jpg,/IMG/right_2018_01_02_23_30_22_963.jpg,0,0,0,10.16306
/IMG/center_2018_01_02_23_30_23_500.jpg,/IMG/left_2018_01_02_23_30_23_500.jpg,/IMG/right_2018_01_02_23_30_23_500.jpg,-0.8000001,0,0,9.6336
/IMG/center_2018_01_02_23_30_24_012.jpg,/IMG/left_2018_01_02_23_30_24_012.jpg,/IMG/right_2018_01_02_23_30_24_012.jpg,0,0,0,9.208527
/IMG/center_2018_01_02_23_30_24_526.jpg,/IMG/left_2018_01_02_23_30_24_526.jpg,/IMG/right_2018_01_02_23_30_24_526.jpg,0,0,0,8.897997
/IMG/center_2018_01_02_23_30_25_053.jpg,/IMG/left_2018_01_02_23_30_25_053.jpg,/IMG/right_2018_01_02_23_30_25_053.jpg,0,0,0,8.61554
/IMG/center_2018_01_02_23_30_25_547.jpg,/IMG/left_2018_01_02_23_30_25_547.jpg,/IMG/right_2018_01_02_23_30_25_547.jpg,-0.8500001,0,0,8.129891
/IMG/center_2018_01_02_23_30_26_082.jpg,/IMG/left_2018_01_02_23_30_26_082.jpg,/IMG/right_2018_01_02_23_30_26_082.jpg,0,0,0,7.749089
/IMG/center_2018_01_02_23_30_26_674.jpg,/IMG/left_2018_01_02_23_30_26_674.jpg,/IMG/right_2018_01_02_23_30_26_674.jpg,-0.8000001,0,0,7.348455
/IMG/center_2018_01_02_23_30_27_211.jpg,/IMG/left_2018_01_02_23_30_27_211.jpg,/IMG/right_2018_01_02_23_30_27_211.jpg,0,0,0,7.013376
/IMG/center_2018_01_02_23_30_27_772.jpg,/IMG/left_2018_01_02_23_30_27_772.jpg,/IMG/right_2018_01_02_23_30_27_772.jpg,0,0,0,6.777139
/IMG/center_2018_01_02_23_30_28_284.jpg,/IMG/left_2018_01_02_23_30_28_284.jpg,/IMG/right_2018_01_02_23_30_28_284.jpg,0,1,0,10.3248
/IMG/center_2018_01_02_23_30_28_820.jpg,/IMG/left_2018_01_02_23_30_28_820.jpg,/IMG/right_2018_01_02_23_30_28_820.jpg,0,0,0,10.05828
/IMG/center_2018_01_02_23_30_29_355.jpg,/IMG/left_2018_01_02_23_30_29_355.jpg,/IMG/right_2018_01_02_23_30_29_355.jpg,-0.8500001,0,0,9.489194
/IMG/center_2018_01_02_23_30_29_868.jpg,/IMG/left_2018_01_02_23_30_29_868.jpg,/IMG/right_2018_01_02_23_30_29_868.jpg,-1,0,0,8.971499
/IMG/center_2018_01_02_23_30_30_425.jpg,/IMG/left_2018_01_02_23_30_30_425.jpg,/IMG/right_2018_01_02_23_30_30_425.jpg,0,0,0,8.444016
/IMG/center_2018_01_02_23_30_30_946.jpg,/IMG/left_2018_01_02_23_30_30_946.jpg,/IMG/right_2018_01_02_23_30_30_946.jpg,0,0,0,8.159234
/IMG/center_2018_01_02_23_30_31_475.jpg,/IMG/left_2018_01_02_23_30_31_475.jpg,/IMG/right_2018_01_02_23_30_31_475.jpg,0,0,0,7.900105
/IMG/center_2018_01_02_23_30_32_027.jpg,/IMG/left_2018_01_02_23_30_32_027.jpg,/IMG/right_2018_01_02_23_30_32_027.jpg,0,0,0,7.633842
/IMG/center_2018_01_02_23_30_32_560.jpg,/IMG/left_2018_01_02_23_30_32_560.jpg,/IMG/right_2018_01_02_23_30_32_560.jpg,0,0,0,7.376424
/IMG/center_2018_01_02_23_30_33_103.jpg,/IMG/left_2018_01_02_23_30_33_103.jpg,/IMG/right_2018_01_02_23_30_33_103.jpg,0,0,0,7.142296
/IMG/center_2018_01_02_23_30_33_653.jpg,/IMG/left_2018_01_02_23_30_33_653.jpg,/IMG/right_2018_01_02_23_30_33_653.jpg,0,1,0,10.89748
/IMG/center_2018_01_02_23_30_34_189.jpg,/IMG/left_2018_01_02_23_30_34_189.jpg,/IMG/right_2018_01_02_23_30_34_189.jpg,-0.8500001,0,0,10.36246
/IMG/center_2018_01_02_23_30_34_743.jpg,/IMG/left_2018_01_02_23_30_34_743.jpg,/IMG/right_2018_01_02_23_30_34_743.jpg,0,0,0,9.913349
/IMG/center_2018_01_02_23_30_35_284.jpg,/IMG/left_2018_01_02_23_30_35_284.jpg,/IMG/right_2018_01_02_23_30_35_284.jpg,0,0,0,9.579462
/IMG/center_2018_01_02_23_30_35_833.jpg,/IMG/left_2018_01_02_23_30_35_833.jpg,/IMG/right_2018_01_02_23_30_35_833.jpg,-0.8500001,0,0,9.037687
/IMG/center_2018_01_02_23_30_36_393.jpg,/IMG/left_2018_01_02_23_30_36_393.jpg,/IMG/right_2018_01_02_23_30_36_393.jpg,-1,0,0,8.54462
/IMG/center_2018_01_02_23_30_36_962.jpg,/IMG/left_2018_01_02_23_30_36_962.jpg,/IMG/right_2018_01_02_23_30_36_962.jpg,-1,0,0,8.170811
/IMG/center_2018_01_02_23_30_37_527.jpg,/IMG/left_2018_01_02_23_30_37_527.jpg,/IMG/right_2018_01_02_23_30_37_527.jpg,-1,0,0,7.811155
/IMG/center_2018_01_02_23_30_38_093.jpg,/IMG/left_2018_01_02_23_30_38_093.jpg,/IMG/right_2018_01_02_23_30_38_093.jpg,0,0,0,7.361084
/IMG/center_2018_01_02_23_30_38_617.jpg,/IMG/left_2018_01_02_23_30_38_617.jpg,/IMG/right_2018_01_02_23_30_38_617.jpg,0,0,0,7.106065
/IMG/center_2018_01_02_23_30_39_145.jpg,/IMG/left_2018_01_02_23_30_39_145.jpg,/IMG/right_2018_01_02_23_30_39_145.jpg,0,0,0,6.85943
/IMG/center_2018_01_02_23_30_39_681.jpg,/IMG/left_2018_01_02_23_30_39_681.jpg,/IMG/right_2018_01_02_23_30_39_681.jpg,0,0,0,6.635067
/IMG/center_2018_01_02_23_30_40_184.jpg,/IMG/left_2018_01_02_23_30_40_184.jpg,/IMG/right_2018_01_02_23_30_40_184.jpg,0,0,0,6.404291
/IMG/center_2018_01_02_23_30_40_716.jpg,/IMG/left_2018_01_02_23_30_40_716.jpg,/IMG/right_2018_01_02_23_30_40_716.jpg,0,0,0,6.183488
/IMG/center_2018_01_02_23_30_41_241.jpg,/IMG/left_2018_01_02_23_30_41_241.jpg,/IMG/right_2018_01_02_23_30_41_241.jpg,0,0,0,5.984707
/IMG/center_2018_01_02_23_30_41_780.jpg,/IMG/left_2018_01_02_23_30_41_780.jpg,/IMG/right_2018_01_02_23_30_41_780.jpg,0,1,0,9.786506
/IMG/center_2018_01_02_23_30_42_315.jpg,/IMG/left_2018_01_02_23_30_42_315.jpg,/IMG/right_2018_01_02_23_30_42_315.jpg,0,0,0,9.53508
/IMG/center_2018_01_02_23_30_42_839.jpg,/IMG/left_2018_01_02_23_30_42_839.jpg,/IMG/right_2018_01_02_23_30_42_839.jpg,0,0,0,9.235666
/IMG/center_2018_01_02_23_30_43_366.jpg,/IMG/left_2018_01_02_23_30_43_366.jpg,/IMG/right_2018_01_02_23_30_43_366.jpg,0,0,0,8.930914
/IMG/center_2018_01_02_23_30_43_897.jpg,/IMG/left_2018_01_02_23_30_43_897.jpg,/IMG/right_2018_01_02_23_30_43_897.jpg,0,0,0,8.636667
/IMG/center_2018_01_02_23_30_44_416.jpg,/IMG/left_2018_01_02_23_30_44_416.jpg,/IMG/right_2018_01_02_23_30_44_416.jpg,0,0,0,8.368534
/IMG/center_2018_01_02_23_30_44_927.jpg,/IMG/left_2018_01_02_23_30_44_927.jpg,/IMG/right_2018_01_02_23_30_44_927.jpg,0,0,0,8.090703
/IMG/center_2018_01_02_23_30_45_445.jpg,/IMG/left_2018_01_02_23_30_45_445.jpg,/IMG/right_2018_01_02_23_30_45_445.jpg,-0.8500001,0,0,7.63758
/IMG/center_2018_01_02_23_30_45_958.jpg,/IMG/left_2018_01_02_23_30_45_958.jpg,/IMG/right_2018_01_02_23_30_45_958.jpg,0,0,0,7.292671
/IMG/center_2018_01_02_23_30_46_506.jpg,/IMG/left_2018_01_02_23_30_46_506.jpg,/IMG/right_2018_01_02_23_30_46_506.jpg,0,0,0,7.046866
/IMG/center_2018_01_02_23_30_47_022.jpg,/IMG/left_2018_01_02_23_30_47_022.jpg,/IMG/right_2018_01_02_23_30_47_022.jpg,0,0,0,6.809313
/IMG/center_2018_01_02_23_30_47_534.jpg,/IMG/left_2018_01_02_23_30_47_534.jpg,/IMG/right_2018_01_02_23_30_47_534.jpg,-0.8000001,0,0,6.457824
/IMG/center_2018_01_02_23_30_48_062.jpg,/IMG/left_2018_01_02_23_30_48_062.jpg,/IMG/right_2018_01_02_23_30_48_062.jpg,0,0,0,6.159338
/IMG/center_2018_01_02_23_30_48_591.jpg,/IMG/left_2018_01_02_23_30_48_591.jpg,/IMG/right_2018_01_02_23_30_48_591.jpg,-0.8500001,0,0,5.814766
/IMG/center_2018_01_02_23_30_49_115.jpg,/IMG/left_2018_01_02_23_30_49_115.jpg,/IMG/right_2018_01_02_23_30_49_115.jpg,0,0,0,5.543213
/IMG/center_2018_01_02_23_30_49_642.jpg,/IMG/left_2018_01_02_23_30_49_642.jpg,/IMG/right_2018_01_02_23_30_49_642.jpg,0,0,0,5.356357
/IMG/center_2018_01_02_23_30_50_154.jpg,/IMG/left_2018_01_02_23_30_50_154.jpg,/IMG/right_2018_01_02_23_30_50_154.jpg,0,0,0,5.175801
/IMG/center_2018_01_02_23_30_50_676.jpg,/IMG/left_2018_01_02_23_30_50_676.jpg,/IMG/right_2018_01_02_23_30_50_676.jpg,-0.8000001,0,0,4.910105
/IMG/center_2018_01_02_23_30_51_194.jpg,/IMG/left_2018_01_02_23_30_51_194.jpg,/IMG/right_2018_01_02_23_30_51_194.jpg,0,1,0,8.688277
/IMG/center_2018_01_02_23_30_51_740.jpg,/IMG/left_2018_01_02_23_30_51_740.jpg,/IMG/right_2018_01_02_23_30_51_740.jpg,0,0,0,8.466381
/IMG/center_2018_01_02_23_30_52_288.jpg,/IMG/left_2018_01_02_23_30_52_288.jpg,/IMG/right_2018_01_02_23_30_52_288.jpg,-0.8000001,0,0,8.027085
/IMG/center_2018_01_02_23_30_52_803.jpg,/IMG/left_2018_01_02_23_30_52_803.jpg,/IMG/right_2018_01_02_23_30_52_803.jpg,-1,0,0,7.555342
/IMG/center_2018_01_02_23_30_53_320.jpg,/IMG/left_2018_01_02_23_30_53_320.jpg,/IMG/right_2018_01_02_23_30_53_320.jpg,0,0,0,7.103497
/IMG/center_2018_01_02_23_30_53_818.jpg,/IMG/left_2018_01_02_23_30_53_818.jpg,/IMG/right_2018_01_02_23_30_53_818.jpg,0,0,0,6.877803
/IMG/center_2018_01_02_23_30_54_319.jpg,/IMG/left_2018_01_02_23_30_54_319.jpg,/IMG/right_2018_01_02_23_30_54_319.jpg,0,0,0,6.645944
/IMG/center_2018_01_02_23_30_54_800.jpg,/IMG/left_2018_01_02_23_30_54_800.jpg,/IMG/right_2018_01_02_23_30_54_800.jpg,0,1,0,10.42056
/IMG/center_2018_01_02_23_30_55_299.jpg,/IMG/left_2018_01_02_23_30_55_299.jpg,/IMG/right_2018_01_02_23_30_55_299.jpg,0,0,0,10.17184
/IMG/center_2018_01_02_23_30_55_796.jpg,/IMG/left_2018_01_02_23_30_55_796.jpg,/IMG/right_2018_01_02_23_30_55_796.jpg,0,0,0,9.828851
/IMG/center_2018_01_02_23_30_56_290.jpg,/IMG/left_2018_01_02_23_30_56_290.jpg,/IMG/right_2018_01_02_23_30_56_290.jpg,0,1,0,13.46008
/IMG/center_2018_01_02_23_30_56_952.jpg,/IMG/left_2018_01_02_23_30_56_952.jpg,/IMG/right_2018_01_02_23_30_56_952.jpg,0,0,0,12.84664
/IMG/center_2018_01_02_23_30_57_519.jpg,/IMG/left_2018_01_02_23_30_57_519.jpg,/IMG/right_2018_01_02_23_30_57_519.jpg,0,0,0,12.90273
/IMG/center_2018_01_02_23_30_58_035.jpg,/IMG/left_2018_01_02_23_30_58_035.jpg,/IMG/right_2018_01_02_23_30_58_035.jpg,0,0,0,12.04769
/IMG/center_2018_01_02_23_30_58_547.jpg,/IMG/left_2018_01_02_23_30_58_547.jpg,/IMG/right_2018_01_02_23_30_58_547.jpg,0,0,0,11.68183
/IMG/center_2018_01_02_23_30_59_007.jpg,/IMG/left_2018_01_02_23_30_59_007.jpg,/IMG/right_2018_01_02_23_30_59_007.jpg,0,0,0,11.51098
/IMG/center_2018_01_02_23_30_59_542.jpg,/IMG/left_2018_01_02_23_30_59_542.jpg,/IMG/right_2018_01_02_23_30_59_542.jpg,0,0,0,11.08692
/IMG/center_2018_01_02_23_30_59_916.jpg,/IMG/left_2018_01_02_23_30_59_916.jpg,/IMG/right_2018_01_02_23_30_59_916.jpg,0,0,0,10.7347
/IMG/center_2018_01_02_23_31_00_462.jpg,/IMG/left_2018_01_02_23_31_00_462.jpg,/IMG/right_2018_01_02_23_31_00_462.jpg,0,0,0,10.37275
/IMG/center_2018_01_02_23_31_00_971.jpg,/IMG/left_2018_01_02_23_31_00_971.jpg,/IMG/right_2018_01_02_23_31_00_971.jpg,0,0,0,10.02299
/IMG/center_2018_01_02_23_31_01_628.jpg,/IMG/left_2018_01_02_23_31_01_628.jpg,/IMG/right_2018_01_02_23_31_01_628.jpg,0,1,0,13.44309
/IMG/center_2018_01_02_23_31_02_131.jpg,/IMG/left_2018_01_02_23_31_02_131.jpg,/IMG/right_2018_01_02_23_31_02_131.jpg,0,0,0,13.19441
/IMG/center_2018_01_02_23_31_02_624.jpg,/IMG/left_2018_01_02_23_31_02_624.jpg,/IMG/right_2018_01_02_23_31_02_624.jpg,0,0,0,12.43044
/IMG/center_2018_01_02_23_31_03_129.jpg,/IMG/left_2018_01_02_23_31_03_129.jpg,/IMG/right_2018_01_02_23_31_03_129.jpg,0,0,0,12.03952
/IMG/center_2018_01_02_23_31_03_638.jpg,/IMG/left_2018_01_02_23_31_03_638.jpg,/IMG/right_2018_01_02_23_31_03_638.jpg,0,0,0,11.86744
/IMG/center_2018_01_02_23_31_04_140.jpg,/IMG/left_2018_01_02_23_31_04_140.jpg,/IMG/right_2018_01_02_23_31_04_140.jpg,0,0,0,11.23843
/IMG/center_2018_01_02_23_31_04_630.jpg,/IMG/left_2018_01_02_23_31_04_630.jpg,/IMG/right_2018_01_02_23_31_04_630.jpg,0,0,0,11.06154
/IMG/center_2018_01_02_23_31_05_139.jpg,/IMG/left_2018_01_02_23_31_05_139.jpg,/IMG/right_2018_01_02_23_31_05_139.jpg,0,1,0,14.62812
/IMG/center_2018_01_02_23_31_05_630.jpg,/IMG/left_2018_01_02_23_31_05_630.jpg,/IMG/right_2018_01_02_23_31_05_630.jpg,0,0,0,14.39594
/IMG/center_2018_01_02_23_31_06_121.jpg,/IMG/left_2018_01_02_23_31_06_121.jpg,/IMG/right_2018_01_02_23_31_06_121.jpg,0,0,0,13.9345
/IMG/center_2018_01_02_23_31_06_630.jpg,/IMG/left_2018_01_02_23_31_06_630.jpg,/IMG/right_2018_01_02_23_31_06_630.jpg,0,0,0,13.22366
/IMG/center_2018_01_02_23_31_07_151.jpg,/IMG/left_2018_01_02_23_31_07_151.jpg,/IMG/right_2018_01_02_23_31_07_151.jpg,0,0,0,12.98249
/IMG/center_2018_01_02_23_31_07_709.jpg,/IMG/left_2018_01_02_23_31_07_709.jpg,/IMG/right_2018_01_02_23_31_07_709.jpg,-0.8000001,0,0,12.2934
/IMG/center_2018_01_02_23_31_08_301.jpg,/IMG/left_2018_01_02_23_31_08_301.jpg,/IMG/right_2018_01_02_23_31_08_301.jpg,0,0,0,11.59058
/IMG/center_2018_01_02_23_31_08_896.jpg,/IMG/left_2018_01_02_23_31_08_896.jpg,/IMG/right_2018_01_02_23_31_08_896.jpg,0,0,0,11.20259
/IMG/center_2018_01_02_23_31_09_443.jpg,/IMG/left_2018_01_02_23_31_09_443.jpg,/IMG/right_2018_01_02_23_31_09_443.jpg,0,0,0,10.95908
/IMG/center_2018_01_02_23_31_09_795.jpg,/IMG/left_2018_01_02_23_31_09_795.jpg,/IMG/right_2018_01_02_23_31_09_795.jpg,0,0,0,10.58954
/IMG/center_2018_01_02_23_31_10_288.jpg,/IMG/left_2018_01_02_23_31_10_288.jpg,/IMG/right_2018_01_02_23_31_10_288.jpg,0,0,0,10.23247
/IMG/center_2018_01_02_23_31_10_777.jpg,/IMG/left_2018_01_02_23_31_10_777.jpg,/IMG/right_2018_01_02_23_31_10_777.jpg,0,0,0,9.90746
/IMG/center_2018_01_02_23_31_11_269.jpg,/IMG/left_2018_01_02_23_31_11_269.jpg,/IMG/right_2018_01_02_23_31_11_269.jpg,0,0,0,9.573383
/IMG/center_2018_01_02_23_31_11_754.jpg,/IMG/left_2018_01_02_23_31_11_754.jpg,/IMG/right_2018_01_02_23_31_11_754.jpg,0,0,0,9.250611
/IMG/center_2018_01_02_23_31_12_268.jpg,/IMG/left_2018_01_02_23_31_12_268.jpg,/IMG/right_2018_01_02_23_31_12_268.jpg,0,0,0,8.956731
/IMG/center_2018_01_02_23_31_12_755.jpg,/IMG/left_2018_01_02_23_31_12_755.jpg,/IMG/right_2018_01_02_23_31_12_755.jpg,0,0,0,8.654719
/IMG/center_2018_01_02_23_31_13_238.jpg,/IMG/left_2018_01_02_23_31_13_238.jpg,/IMG/right_2018_01_02_23_31_13_238.jpg,0.8500001,0,0,8.166886
/IMG/center_2018_01_02_23_31_13_746.jpg,/IMG/left_2018_01_02_23_31_13_746.jpg,/IMG/right_2018_01_02_23_31_13_746.jpg,0,0,0,7.80038
/IMG/center_2018_01_02_23_31_14_226.jpg,/IMG/left_2018_01_02_23_31_14_226.jpg,/IMG/right_2018_01_02_23_31_14_226.jpg,0,0,0,7.537345
/IMG/center_2018_01_02_23_31_14_688.jpg,/IMG/left_2018_01_02_23_31_14_688.jpg,/IMG/right_2018_01_02_23_31_14_688.jpg,0,0,0,7.28329
/IMG/center_2018_01_02_23_31_15_175.jpg,/IMG/left_2018_01_02_23_31_15_175.jpg,/IMG/right_2018_01_02_23_31_15_175.jpg,0,0,0,7.051908
/IMG/center_2018_01_02_23_31_15_637.jpg,/IMG/left_2018_01_02_23_31_15_637.jpg,/IMG/right_2018_01_02_23_31_15_637.jpg,0,0,0,6.814103
/IMG/center_2018_01_02_23_31_16_130.jpg,/IMG/left_2018_01_02_23_31_16_130.jpg,/IMG/right_2018_01_02_23_31_16_130.jpg,0.8500001,0,0,6.43221
/IMG/center_2018_01_02_23_31_16_609.jpg,/IMG/left_2018_01_02_23_31_16_609.jpg,/IMG/right_2018_01_02_23_31_16_609.jpg,0,0,0,6.134971
/IMG/center_2018_01_02_23_31_17_132.jpg,/IMG/left_2018_01_02_23_31_17_132.jpg,/IMG/right_2018_01_02_23_31_17_132.jpg,0,0,0,5.928334
/IMG/center_2018_01_02_23_31_17_632.jpg,/IMG/left_2018_01_02_23_31_17_632.jpg,/IMG/right_2018_01_02_23_31_17_632.jpg,0,0,0,5.728412
/IMG/center_2018_01_02_23_31_18_116.jpg,/IMG/left_2018_01_02_23_31_18_116.jpg,/IMG/right_2018_01_02_23_31_18_116.jpg,0,1,0,9.316098
/IMG/center_2018_01_02_23_31_18_579.jpg,/IMG/left_2018_01_02_23_31_18_579.jpg,/IMG/right_2018_01_02_23_31_18_579.jpg,0.8500001,0,0,8.8634
/IMG/center_2018_01_02_23_31_19_062.jpg,/IMG/left_2018_01_02_23_31_19_062.jpg,/IMG/right_2018_01_02_23_31_19_062.jpg,1,0,0,8.359334
/IMG/center_2018_01_02_23_31_19_516.jpg,/IMG/left_2018_01_02_23_31_19_516.jpg,/IMG/right_2018_01_02_23_31_19_516.jpg,0,0,0,7.879765
/IMG/center_2018_01_02_23_31_19_961.jpg,/IMG/left_2018_01_02_23_31_19_961.jpg,/IMG/right_2018_01_02_23_31_19_961.jpg,0,0,0,7.61406
/IMG/center_2018_01_02_23_31_20_414.jpg,/IMG/left_2018_01_02_23_31_20_414.jpg,/IMG/right_2018_01_02_23_31_20_414.jpg,0,0,0,7.35731
/IMG/center_2018_01_02_23_31_20_877.jpg,/IMG/left_2018_01_02_23_31_20_877.jpg,/IMG/right_2018_01_02_23_31_20_877.jpg,0,0,0,7.123576
/IMG/center_2018_01_02_23_31_21_320.jpg,/IMG/left_2018_01_02_23_31_21_320.jpg,/IMG/right_2018_01_02_23_31_21_320.jpg,0,0,0,6.88329
/IMG/center_2018_01_02_23_31_21_783.jpg,/IMG/left_2018_01_02_23_31_21_783.jpg,/IMG/right_2018_01_02_23_31_21_783.jpg,0,0,0,6.64963
/IMG/center_2018_01_02_23_31_22_244.jpg,/IMG/left_2018_01_02_23_31_22_244.jpg,/IMG/right_2018_01_02_23_31_22_244.jpg,0.8000001,0,0,6.298967
/IMG/center_2018_01_02_23_31_22_688.jpg,/IMG/left_2018_01_02_23_31_22_688.jpg,/IMG/right_2018_01_02_23_31_22_688.jpg,0,0,0,6.008875
/IMG/center_2018_01_02_23_31_23_133.jpg,/IMG/left_2018_01_02_23_31_23_133.jpg,/IMG/right_2018_01_02_23_31_23_133.jpg,0,0,0,5.8042
/IMG/center_2018_01_02_23_31_23_568.jpg,/IMG/left_2018_01_02_23_31_23_568.jpg,/IMG/right_2018_01_02_23_31_23_568.jpg,0,0,0,5.617684
/IMG/center_2018_01_02_23_31_24_028.jpg,/IMG/left_2018_01_02_23_31_24_028.jpg,/IMG/right_2018_01_02_23_31_24_028.jpg,0,0,0,5.430594
/IMG/center_2018_01_02_23_31_24_474.jpg,/IMG/left_2018_01_02_23_31_24_474.jpg,/IMG/right_2018_01_02_23_31_24_474.jpg,0.8500001,1,0,9.059915
/IMG/center_2018_01_02_23_31_24_930.jpg,/IMG/left_2018_01_02_23_31_24_930.jpg,/IMG/right_2018_01_02_23_31_24_930.jpg,0,0,0,8.729895
/IMG/center_2018_01_02_23_31_25_380.jpg,/IMG/left_2018_01_02_23_31_25_380.jpg,/IMG/right_2018_01_02_23_31_25_380.jpg,0,0,0,8.439934
/IMG/center_2018_01_02_23_31_25_828.jpg,/IMG/left_2018_01_02_23_31_25_828.jpg,/IMG/right_2018_01_02_23_31_25_828.jpg,0,0,0,8.156302
/IMG/center_2018_01_02_23_31_26_274.jpg,/IMG/left_2018_01_02_23_31_26_274.jpg,/IMG/right_2018_01_02_23_31_26_274.jpg,0.8000001,0,0,7.7361
/IMG/center_2018_01_02_23_31_26_729.jpg,/IMG/left_2018_01_02_23_31_26_729.jpg,/IMG/right_2018_01_02_23_31_26_729.jpg,0,0,0,7.389125
/IMG/center_2018_01_02_23_31_27_189.jpg,/IMG/left_2018_01_02_23_31_27_189.jpg,/IMG/right_2018_01_02_23_31_27_189.jpg,0.8500001,0,0,6.974391
/IMG/center_2018_01_02_23_31_27_733.jpg,/IMG/left_2018_01_02_23_31_27_733.jpg,/IMG/right_2018_01_02_23_31_27_733.jpg,0,0,0,6.654886
/IMG/center_2018_01_02_23_31_28_279.jpg,/IMG/left_2018_01_02_23_31_28_279.jpg,/IMG/right_2018_01_02_23_31_28_279.jpg,0,0,0,6.430907
/IMG/center_2018_01_02_23_31_28_822.jpg,/IMG/left_2018_01_02_23_31_28_822.jpg,/IMG/right_2018_01_02_23_31_28_822.jpg,0,0,0,6.214091
/IMG/center_2018_01_02_23_31_29_374.jpg,/IMG/left_2018_01_02_23_31_29_374.jpg,/IMG/right_2018_01_02_23_31_29_374.jpg,0.8000001,0,0,5.893487
/IMG/center_2018_01_02_23_31_29_839.jpg,/IMG/left_2018_01_02_23_31_29_839.jpg,/IMG/right_2018_01_02_23_31_29_839.jpg,1,0,0,5.543948
/IMG/center_2018_01_02_23_31_30_322.jpg,/IMG/left_2018_01_02_23_31_30_322.jpg,/IMG/right_2018_01_02_23_31_30_322.jpg,0,0,0,5.205397
/IMG/center_2018_01_02_23_31_30_793.jpg,/IMG/left_2018_01_02_23_31_30_793.jpg,/IMG/right_2018_01_02_23_31_30_793.jpg,0,0,0,5.04001
/IMG/center_2018_01_02_23_31_31_276.jpg,/IMG/left_2018_01_02_23_31_31_276.jpg,/IMG/right_2018_01_02_23_31_31_276.jpg,0,0,0,4.863161
/IMG/center_2018_01_02_23_31_31_746.jpg,/IMG/left_2018_01_02_23_31_31_746.jpg,/IMG/right_2018_01_02_23_31_31_746.jpg,0.8500001,0,0,4.587945
/IMG/center_2018_01_02_23_31_32_249.jpg,/IMG/left_2018_01_02_23_31_32_249.jpg,/IMG/right_2018_01_02_23_31_32_249.jpg,1,0,0,4.335928
/IMG/center_2018_01_02_23_31_32_715.jpg,/IMG/left_2018_01_02_23_31_32_715.jpg,/IMG/right_2018_01_02_23_31_32_715.jpg,0,0,0,4.060594
/IMG/center_2018_01_02_23_31_33_214.jpg,/IMG/left_2018_01_02_23_31_33_214.jpg,/IMG/right_2018_01_02_23_31_33_214.jpg,0.8500001,0,0,3.835345
/IMG/center_2018_01_02_23_31_33_696.jpg,/IMG/left_2018_01_02_23_31_33_696.jpg,/IMG/right_2018_01_02_23_31_33_696.jpg,1,0,0,3.626211
/IMG/center_2018_01_02_23_31_34_206.jpg,/IMG/left_2018_01_02_23_31_34_206.jpg,/IMG/right_2018_01_02_23_31_34_206.jpg,0,0,0,3.392155
/IMG/center_2018_01_02_23_31_34_693.jpg,/IMG/left_2018_01_02_23_31_34_693.jpg,/IMG/right_2018_01_02_23_31_34_693.jpg,0,0,0,3.269084
/IMG/center_2018_01_02_23_31_35_201.jpg,/IMG/left_2018_01_02_23_31_35_201.jpg,/IMG/right_2018_01_02_23_31_35_201.jpg,0,0,0,3.156136
/IMG/center_2018_01_02_23_31_35_686.jpg,/IMG/left_2018_01_02_23_31_35_686.jpg,/IMG/right_2018_01_02_23_31_35_686.jpg,0.8500001,0,0,2.978433
/IMG/center_2018_01_02_23_31_36_184.jpg,/IMG/left_2018_01_02_23_31_36_184.jpg,/IMG/right_2018_01_02_23_31_36_184.jpg,1,0,0,2.801957
/IMG/center_2018_01_02_23_31_36_677.jpg,/IMG/left_2018_01_02_23_31_36_677.jpg,/IMG/right_2018_01_02_23_31_36_677.jpg,0,1,0,6.415697
/IMG/center_2018_01_02_23_31_37_176.jpg,/IMG/left_2018_01_02_23_31_37_176.jpg,/IMG/right_2018_01_02_23_31_37_176.jpg,0,0,0,6.244738
/IMG/center_2018_01_02_23_31_37_677.jpg,/IMG/left_2018_01_02_23_31_37_677.jpg,/IMG/right_2018_01_02_23_31_37_677.jpg,0.8500001,0,0,5.895178
/IMG/center_2018_01_02_23_31_38_174.jpg,/IMG/left_2018_01_02_23_31_38_174.jpg,/IMG/right_2018_01_02_23_31_38_174.jpg,0,0,0,5.612346
/IMG/center_2018_01_02_23_31_38_669.jpg,/IMG/left_2018_01_02_23_31_38_669.jpg,/IMG/right_2018_01_02_23_31_38_669.jpg,0,0,0,5.416039
/IMG/center_2018_01_02_23_31_39_172.jpg,/IMG/left_2018_01_02_23_31_39_172.jpg,/IMG/right_2018_01_02_23_31_39_172.jpg,0,0,0,5.223163
/IMG/center_2018_01_02_23_31_39_667.jpg,/IMG/left_2018_01_02_23_31_39_667.jpg,/IMG/right_2018_01_02_23_31_39_667.jpg,0.8000001,0,0,4.953767
/IMG/center_2018_01_02_23_31_40_172.jpg,/IMG/left_2018_01_02_23_31_40_172.jpg,/IMG/right_2018_01_02_23_31_40_172.jpg,1,1,0,8.575532
/IMG/center_2018_01_02_23_31_40_667.jpg,/IMG/left_2018_01_02_23_31_40_667.jpg,/IMG/right_2018_01_02_23_31_40_667.jpg,0,0,0,8.136252
/IMG/center_2018_01_02_23_31_41_169.jpg,/IMG/left_2018_01_02_23_31_41_169.jpg,/IMG/right_2018_01_02_23_31_41_169.jpg,0,0,0,7.878208
/IMG/center_2018_01_02_23_31_41_680.jpg,/IMG/left_2018_01_02_23_31_41_680.jpg,/IMG/right_2018_01_02_23_31_41_680.jpg,0,0,0,7.613004
/IMG/center_2018_01_02_23_31_42_178.jpg,/IMG/left_2018_01_02_23_31_42_178.jpg,/IMG/right_2018_01_02_23_31_42_178.jpg,0,1,0,11.34819
/IMG/center_2018_01_02_23_31_42_707.jpg,/IMG/left_2018_01_02_23_31_42_707.jpg,/IMG/right_2018_01_02_23_31_42_707.jpg,0.8000001,0,0,10.85428
/IMG/center_2018_01_02_23_31_43_205.jpg,/IMG/left_2018_01_02_23_31_43_205.jpg,/IMG/right_2018_01_02_23_31_43_205.jpg,1,0,0,10.22989
/IMG/center_2018_01_02_23_31_43_722.jpg,/IMG/left_2018_01_02_23_31_43_722.jpg,/IMG/right_2018_01_02_23_31_43_722.jpg,0,0,0,9.643313
/IMG/center_2018_01_02_23_31_44_236.jpg,/IMG/left_2018_01_02_23_31_44_236.jpg,/IMG/right_2018_01_02_23_31_44_236.jpg,0,0,0,9.336969
/IMG/center_2018_01_02_23_31_44_750.jpg,/IMG/left_2018_01_02_23_31_44_750.jpg,/IMG/right_2018_01_02_23_31_44_750.jpg,0,0,0,9.022098
/IMG/center_2018_01_02_23_31_45_261.jpg,/IMG/left_2018_01_02_23_31_45_261.jpg,/IMG/right_2018_01_02_23_31_45_261.jpg,0,0,0,8.717834
/IMG/center_2018_01_02_23_31_45_772.jpg,/IMG/left_2018_01_02_23_31_45_772.jpg,/IMG/right_2018_01_02_23_31_45_772.jpg,-0.8000001,0,0,8.264917
/IMG/center_2018_01_02_23_31_46_275.jpg,/IMG/left_2018_01_02_23_31_46_275.jpg,/IMG/right_2018_01_02_23_31_46_275.jpg,-1,0,0,7.778266
/IMG/center_2018_01_02_23_31_46_778.jpg,/IMG/left_2018_01_02_23_31_46_778.jpg,/IMG/right_2018_01_02_23_31_46_778.jpg,0,0,0,7.314116
/IMG/center_2018_01_02_23_31_47_278.jpg,/IMG/left_2018_01_02_23_31_47_278.jpg,/IMG/right_2018_01_02_23_31_47_278.jpg,0,0,0,7.08182
/IMG/center_2018_01_02_23_31_47_772.jpg,/IMG/left_2018_01_02_23_31_47_772.jpg,/IMG/right_2018_01_02_23_31_47_772.jpg,0,1,0,10.83909
/IMG/center_2018_01_02_23_31_48_270.jpg,/IMG/left_2018_01_02_23_31_48_270.jpg,/IMG/right_2018_01_02_23_31_48_270.jpg,0,0,0,10.55833
/IMG/center_2018_01_02_23_31_48_760.jpg,/IMG/left_2018_01_02_23_31_48_760.jpg,/IMG/right_2018_01_02_23_31_48_760.jpg,0,0,0,10.22294
/IMG/center_2018_01_02_23_31_49_283.jpg,/IMG/left_2018_01_02_23_31_49_283.jpg,/IMG/right_2018_01_02_23_31_49_283.jpg,0,0,0,9.878242
/IMG/center_2018_01_02_23_31_49_771.jpg,/IMG/left_2018_01_02_23_31_49_771.jpg,/IMG/right_2018_01_02_23_31_49_771.jpg,0,0,0,9.545182
/IMG/center_2018_01_02_23_31_50_247.jpg,/IMG/left_2018_01_02_23_31_50_247.jpg,/IMG/right_2018_01_02_23_31_50_247.jpg,0,0,0,9.241981
/IMG/center_2018_01_02_23_31_50_751.jpg,/IMG/left_2018_01_02_23_31_50_751.jpg,/IMG/right_2018_01_02_23_31_50_751.jpg,0,0,0,8.93038
/IMG/center_2018_01_02_23_31_51_229.jpg,/IMG/left_2018_01_02_23_31_51_229.jpg,/IMG/right_2018_01_02_23_31_51_229.jpg,0,0,0,8.629293
/IMG/center_2018_01_02_23_31_51_723.jpg,/IMG/left_2018_01_02_23_31_51_723.jpg,/IMG/right_2018_01_02_23_31_51_723.jpg,0,0,0,8.355195
/IMG/center_2018_01_02_23_31_52_205.jpg,/IMG/left_2018_01_02_23_31_52_205.jpg,/IMG/right_2018_01_02_23_31_52_205.jpg,0,0,0,8.073367
/IMG/center_2018_01_02_23_31_52_700.jpg,/IMG/left_2018_01_02_23_31_52_700.jpg,/IMG/right_2018_01_02_23_31_52_700.jpg,0,0,0,7.797848
/IMG/center_2018_01_02_23_31_53_181.jpg,/IMG/left_2018_01_02_23_31_53_181.jpg,/IMG/right_2018_01_02_23_31_53_181.jpg,0.8000001,0,0,7.398408
/IMG/center_2018_01_02_23_31_53_659.jpg,/IMG/left_2018_01_02_23_31_53_659.jpg,/IMG/right_2018_01_02_23_31_53_659.jpg,0,0,0,7.059025
/IMG/center_2018_01_02_23_31_54_148.jpg,/IMG/left_2018_01_02_23_31_54_148.jpg,/IMG/right_2018_01_02_23_31_54_148.jpg,0,0,0,6.81961
/IMG/center_2018_01_02_23_31_54_617.jpg,/IMG/left_2018_01_02_23_31_54_617.jpg,/IMG/right_2018_01_02_23_31_54_617.jpg,0,0,0,6.601315
/IMG/center_2018_01_02_23_31_55_098.jpg,/IMG/left_2018_01_02_23_31_55_098.jpg,/IMG/right_2018_01_02_23_31_55_098.jpg,0,1,0,10.37555
/IMG/center_2018_01_02_23_31_55_591.jpg,/IMG/left_2018_01_02_23_31_55_591.jpg,/IMG/right_2018_01_02_23_31_55_591.jpg,0,0,0,10.10523
/IMG/center_2018_01_02_23_31_56_096.jpg,/IMG/left_2018_01_02_23_31_56_096.jpg,/IMG/right_2018_01_02_23_31_56_096.jpg,0,0,0,9.781963
/IMG/center_2018_01_02_23_31_56_582.jpg,/IMG/left_2018_01_02_23_31_56_582.jpg,/IMG/right_2018_01_02_23_31_56_582.jpg,0,0,0,9.449738
/IMG/center_2018_01_02_23_31_57_069.jpg,/IMG/left_2018_01_02_23_31_57_069.jpg,/IMG/right_2018_01_02_23_31_57_069.jpg,0,0,0,9.12872
/IMG/center_2018_01_02_23_31_57_580.jpg,/IMG/left_2018_01_02_23_31_57_580.jpg,/IMG/right_2018_01_02_23_31_57_580.jpg,0,0,0,8.836546
/IMG/center_2018_01_02_23_31_58_094.jpg,/IMG/left_2018_01_02_23_31_58_094.jpg,/IMG/right_2018_01_02_23_31_58_094.jpg,0,0,0,8.536484
/IMG/center_2018_01_02_23_31_58_581.jpg,/IMG/left_2018_01_02_23_31_58_581.jpg,/IMG/right_2018_01_02_23_31_58_581.jpg,0,0,0,8.246543
/IMG/center_2018_01_02_23_31_59_075.jpg,/IMG/left_2018_01_02_23_31_59_075.jpg,/IMG/right_2018_01_02_23_31_59_075.jpg,0,0,0,7.982789
/IMG/center_2018_01_02_23_31_59_559.jpg,/IMG/left_2018_01_02_23_31_59_559.jpg,/IMG/right_2018_01_02_23_31_59_559.jpg,0,0,0,7.711723
/IMG/center_2018_01_02_23_32_00_050.jpg,/IMG/left_2018_01_02_23_32_00_050.jpg,/IMG/right_2018_01_02_23_32_00_050.jpg,0,0,0,7.449801
